pitcher,n,G,df,p_asym,loge,sim_level
434378,2608,549.6019170826262,353,9.216318013446007e-11,-349.9494943943564,
445276,869,109.75161735711298,90,0.07702805137147771,-192.6530256522248,
450203,2548,438.3890333431649,315,5.035580020302173e-06,-386.5227278773564,
453286,1390,314.00633798209753,230,0.0001914943307176576,-266.2897918086451,
455119,638,218.25078043552566,164,0.0029517769988897827,-195.23950228747788,
458677,816,162.85376566084912,118,0.00394050379559356,-220.1588436798188,
471911,779,298.7885180296973,251,0.020667644420023994,-245.30692196129917,
472610,896,108.15355587088155,90,0.09334347990297188,-207.2984704336668,
477132,1768,199.55090580412454,125,2.55471568769802e-05,-254.5152795101144,
489446,762,36.15243865605718,22,0.02924325920369403,-173.56554958721244,
500779,2174,222.56477051035608,170,0.004194851025667957,-315.96650925623635,
502043,280,212.81240150757492,190,0.12295857206737967,-164.8360192367881,
502085,304,97.4538271750914,82,0.11709635468804008,-159.47414883920925,
506433,1156,771.1930808684942,698,0.027932110359869533,-318.74301208849715,
518397,313,18.23934236286911,14,0.19609636966564165,-139.5857672173756,
518489,404,94.47718851963418,68,0.018571998349816432,-168.80316192445457,
518585,792,105.93777789111755,86,0.07126793233526005,-200.13119964545513,0.0
518876,2833,515.918934253201,422,0.001172891780254789,-460.9385539023215,
519008,272,47.56701047792574,44,0.3295680217055104,-144.19485840235717,
519141,800,29.64707587207807,15,0.013259698807638233,-155.50828923477246,
519151,661,266.8436206121541,201,0.0012898957855630795,-221.8891952546353,
519242,2031,264.3855749020993,114,5.76058539543572e-14,-203.12619277450085,
519326,332,169.97564986777974,119,0.0015103457285911566,-162.80977254480882,
527048,902,283.70909410097613,243,0.03734496100237344,-253.0762002345707,
542881,2339,327.75555716607164,216,1.381584529181328e-06,-292.86765014484536,
542888,1118,269.2781219917683,157,6.212341760030512e-08,-241.32938944565672,
543056,719,211.82533682613834,190,0.13278990300623128,-221.08557986449125,0.015
543101,634,324.1610953533885,266,0.008502105911971791,-223.63827631761524,
543135,1919,453.5308632597709,294,6.317217011414314e-09,-302.94393089723053,
543243,2718,590.6939505537426,473,0.00017863080762533574,-383.41978342023276,
543294,2571,320.54371170939066,175,1.2359795245991924e-10,-280.2007996726893,
543518,297,100.81285700525129,89,0.1844642787001635,-161.22155225508453,
543859,397,85.85855717392339,83,0.393196875154036,-175.90368945631974,
547179,2318,745.1919640645857,635,0.001600062428919388,-487.0829245696964,
547184,658,165.78953087205338,120,0.0035940798038056228,-203.32300347499245,
547973,917,175.031884283867,110,7.953258611184562e-05,-209.43860545807797,
548384,388,130.6398020139013,89,0.002689498857635806,-161.70197724252108,
552640,768,104.55901705612953,72,0.007332290150005875,-182.69829200197046,
554340,359,169.6417431371847,125,0.0048740547617013045,-173.71010122743445,
554430,2394,384.8390518099695,321,0.008299913840009707,-384.4331076739286,
570632,934,309.50590118183806,237,0.0010676822872003012,-253.564018848283,
571510,2746,408.68986622738595,223,4.560452111647576e-13,-273.51297916909925,
571578,2588,452.80050145870933,278,1.621355682927944e-10,-300.60934735230967,0.0
571760,2082,368.44244636857474,307,0.009195339575365086,-355.0753590575073,
571927,1159,162.50634440215995,100,7.832648160336025e-05,-210.58417087508337,
571945,2480,649.8158348107082,382,3.3129314982216214e-16,-319.5254317156782,
571946,705,49.519866327912425,41,0.16975949461986903,-178.86598836962128,
571948,1157,276.92119577224776,141,6.779052819401298e-11,-216.67607758571444,
572955,968,106.68542671963921,64,0.0006509663128170869,-184.753996325912,
573124,894,41.747716215678935,20,0.0029826551952835336,-174.1843107485122,
573186,704,388.1855105884081,357,0.12312337088558017,-238.44509457437584,
573204,839,173.30075514763766,117,0.0005626768654842058,-212.1799952725479,
579328,3094,408.76076613538305,245,2.4600945283051025e-10,-292.91788282761536,
592094,1087,203.15857090473943,173,0.05808766898828699,-258.3254808461579,
592155,571,107.62454988399162,95,0.17720548922179918,-195.83520102958926,
592332,3030,192.59360459279074,71,3.645119543428062e-13,-231.01245196396394,
592426,782,151.61019889430364,99,0.0005317968063956327,-206.22220834643144,
592454,1035,35.779755537193054,23,0.04343796159195344,-172.122991762805,
592662,3069,356.0026729209585,171,4.4350429478023825e-15,-288.124844893704,
592773,1063,174.669804816382,114,0.00022376013183552417,-227.91135301090662,
592779,610,175.9613917562151,122,0.001009027499035969,-191.08070284257633,
592791,1979,393.2196297091929,276,4.3710443069955896e-06,-304.2053497004331,
592836,2061,537.4282685320836,443,0.0013792141436620013,-392.34482554183614,
592866,1448,348.041322192662,255,9.461123153534506e-05,-271.0215788336768,
593423,708,379.11671149503206,355,0.1813457062230262,-256.1327431234629,
593576,548,185.76854200866924,144,0.010858265802533766,-195.51430296213312,
593958,2588,541.1343470926441,419,5.0172069164598175e-05,-352.9409427963651,
593974,1138,173.24629191674757,121,0.0013029326737009563,-222.50714563828956,
594580,332,125.13850126462734,94,0.017550538337911755,-155.57539261790055,
594798,2614,219.29474829826992,124,2.870015225606298e-07,-271.8656929990734,
594902,719,438.96013538960756,429,0.35936544913572127,-251.35425803002,
595014,511,164.57929155285268,137,0.054190740564878756,-189.16556411609452,
595345,1051,47.9479132153513,30,0.02006385914334835,-184.35732604683074,
595928,545,126.40562898416013,103,0.058552886648077555,-192.9862083963676,
596001,1032,203.0668113622697,156,0.006706041666493728,-245.07401752363126,
596133,1049,104.27505020139132,84,0.06627716920186588,-219.84387726017314,
596271,276,128.56358211699077,114,0.16603423180779087,-155.94890189563102,
596295,999,349.09925243484764,274,0.0014303349163034816,-251.75932293890628,
601713,2851,389.58808591060426,326,0.008885789645684618,-382.21747414203946,
605130,1272,370.6546046302746,308,0.008253517691324574,-321.3372865297317,
605135,2829,776.7709615260986,782,0.546035012712909,-509.2136643889671,
605154,459,52.004647380563064,61,0.7873021034051876,-178.2476159483133,
605177,614,104.37708222470248,76,0.017106454088139673,-182.13758740187666,
605280,2764,623.2251001419422,477,7.025730318266808e-06,-415.6826046279034,
605288,1892,404.0636540365121,290,1.0474177436855058e-05,-304.6655402193205,
605347,386,122.85510286342334,100,0.06015263163952587,-159.84256472981616,
605400,1568,325.0594720510689,292,0.08900853452349561,-338.15380292262034,
605447,701,26.086488827858652,20,0.16297437861412117,-171.03714205200532,0.0
605452,862,233.6444838562289,207,0.09858976628214038,-246.24519763978083,
605463,536,183.5519257898629,141,0.009260713491020109,-199.53316220727982,
605483,1028,193.94464186810765,136,0.0008170231690426582,-224.7874315417862,
605488,2847,355.96705944800937,254,2.467118288796732e-05,-343.8112455602868,
605540,964,286.89095540550886,255,0.08280179491863932,-260.5901334183186,
606160,1088,127.32357355674108,88,0.0039124409089567715,-227.93365189166957,
606303,449,116.37955008548697,72,0.0007247697407289198,-168.48037779835215,
606965,262,130.59218394725733,102,0.029636692506835063,-152.49829718809235,
606996,691,341.0020970278431,289,0.019098960782327243,-238.94420971750128,
607067,2533,587.6291581170394,528,0.03669192064658382,-441.37115213853485,
607074,3212,286.574979414092,214,0.000671589845489455,-342.60996419101775,0.0
607192,1480,253.55669927212935,180,0.0002495122705530387,-289.5049828958108,
607200,2369,280.7873205801228,221,0.003994319684957235,-336.2609646803612,
607259,2577,643.6553641998498,486,1.9601366734165264e-06,-447.60949251992497,
607455,1065,169.73128723709297,112,0.0003556405183403014,-231.26086301491932,
607481,932,285.6896482717808,152,3.1638956381110856e-10,-194.69301736931766,
607536,2482,588.6774787647397,373,6.5689887465539825e-12,-307.8094316183988,
607625,2380,874.5252899255811,779,0.009528001261471226,-508.56270222983585,0.035
608032,1043,65.52249116344488,61,0.3228351155874152,-222.7629701469831,
608331,3109,604.3050086317869,536,0.021495939495854592,-512.7369767024693,
608334,460,272.0513083360034,189,7.15625845410956e-05,-174.36177794830326,
608337,2367,200.36990860056653,140,0.0006218078958784021,-303.99503927844626,
608371,279,118.9502244634816,63,2.6209101835000396e-05,-142.83534490578435,
608372,2565,682.541278998314,486,8.895208404840313e-09,-424.78697400201145,
608379,2665,583.5145041866551,447,1.3873072557673554e-05,-432.7711581949561,
608566,2085,333.3772753214865,204,2.7622236082659493e-08,-296.3585080603134,
608650,741,171.7831357570809,146,0.07123351664816074,-219.56483468444742,
608665,324,126.12758290116558,80,0.0007726250951370275,-151.42394783990687,
608717,411,198.60155482182114,162,0.026547395402481962,-185.96871754589637,
608718,1116,142.86406170247338,126,0.1445969999421379,-252.59818985551374,
614179,302,137.0790510751473,91,0.0012911769792413655,-145.48208607723376,
615698,2004,595.1414290641333,500,0.002136276223943952,-396.107345769944,
620454,543,167.16132789103497,92,2.7689377696369315e-06,-180.08227891447962,
621051,974,112.58354099925153,71,0.0012276770737188938,-198.04089511811264,
621053,990,272.99233205746964,222,0.011091244545853493,-244.25887511404676,
621107,1127,539.0091400654301,449,0.002217347365845115,-300.0216902167581,
621111,2189,678.5855085371347,501,1.9055542736553224e-07,-412.74347056670877,
621112,666,355.62857938459837,304,0.022084935129181638,-225.6920491421737,
621121,1147,484.1244806460452,377,0.00015502102907597552,-272.2209499250059,
621139,381,95.7478750917368,58,0.0013310547144812564,-164.1364603960103,
621199,447,180.74574016442713,142,0.015510156164541199,-189.7726146017784,
621237,457,71.86619235942702,53,0.04322517133807273,-158.34161435493655,
621242,1067,110.20523587025751,22,1.0142452104140933e-13,-152.54231128027084,
621244,2583,405.90916647715136,304,8.13024982632879e-05,-373.5278404017786,
621366,594,111.76368697853339,100,0.19822211578942028,-206.01750854835223,
621381,993,215.51682039922656,190,0.09879834278035088,-246.40872136740586,
621383,1084,242.79713864878073,210,0.059852722193120565,-262.9660639392166,
622491,2988,309.7312554792124,183,1.4298989565830403e-08,-329.51061078648036,
622503,534,291.5834712879837,214,0.00033063765719020167,-190.74479494324294,
622554,1101,255.55390562369877,172,3.6599934574238554e-05,-239.29807058991537,
622608,2284,396.85584885979875,291,3.546186358747067e-05,-312.9426819083774,
622663,2731,749.1859820001938,459,2.6993953772919795e-16,-373.85649084296665,
622786,304,127.37378646549986,101,0.03912026839812491,-153.03074741821712,
623149,317,21.031738391825503,17,0.22487383480850082,-140.5692576867549,
623167,673,280.6975228539477,228,0.009891151465727464,-219.20213334933032,
623211,1011,309.8467281781875,247,0.0040543549281047255,-256.7840830378882,
623352,847,58.43709879933067,43,0.058327463578966385,-185.11869682181975,
623437,979,244.5616168965238,146,5.911024118772492e-07,-228.47862130603312,
623474,1281,300.3283182856195,204,1.295045130666636e-05,-255.91985283900863,
624133,2430,491.5689941489444,348,5.906838662184409e-07,-355.9309800310757,
628452,964,231.11070001548154,157,0.0001087282524317915,-216.64508890881598,
640448,846,89.10496734430136,53,0.0013983479447252595,-185.29852647847065,
640455,1095,59.76824083463864,48,0.11864836737243069,-204.52875415617245,
641154,1258,257.861358493112,207,0.009330607355211974,-282.7555659004313,0.0
641302,1585,398.91670683169536,290,2.2323325155136133e-05,-310.9890277649847,
641329,1102,108.02971808223067,80,0.02012467098212561,-229.58964953023042,0.0
641401,840,116.62667591096509,61,2.3680030050925412e-05,-192.58735968892347,
641482,599,110.48731739450433,110,0.46901100851564176,-208.6082657822593,
641540,372,154.1060530116622,117,0.01219888618847132,-172.60045687025092,
641656,641,84.84453178627864,54,0.0046561995978065705,-181.76766413592884,
641672,586,437.1197610658082,360,0.0033073581078094175,-215.84066942002164,
641745,1113,194.95104739825965,180,0.21125311356467924,-269.1653036889461,
641755,1225,126.52851656474564,93,0.011896703301590655,-222.53884730109064,
641778,1682,353.0342008844706,253,3.217848294706088e-05,-282.452946786093,
641793,2788,385.68107921352,283,4.617655166707178e-05,-386.5639273208767,
641816,1381,237.45285698175502,158,4.419343002088757e-05,-256.07743437178056,
641835,301,40.867109523915246,31,0.11062636632104644,-138.66594890776787,
641927,2356,381.13955499188484,327,0.020872711057903576,-394.3683705018807,
641941,1068,126.3484427658676,67,1.6000390316373863e-05,-203.86651257151323,
642016,255,128.06259432892614,91,0.006357969123085679,-143.50073601482808,
642100,921,84.60528851356045,70,0.112541026639448,-204.84447395955033,
642121,387,49.63159559594738,62,0.871519575008829,-174.13755567272437,
642152,841,386.29634038373194,320,0.006483156284504641,-261.15062233829235,
642207,1115,50.00352683156004,26,0.0031410755603465475,-187.4964994100568,
642232,1017,260.5713230705892,207,0.006812514697576102,-252.97123685765587,
642239,347,101.44161678514175,74,0.018839861243154506,-158.87553730846474,
642397,1031,220.30586575934785,159,0.000932126473205923,-228.71386798027265,
642528,467,141.07041410055,119,0.0817713209936422,-177.14577062200527,
642547,3086,396.36983933674617,232,9.92192312331679e-11,-353.15032395419166,
642585,626,55.123402934742856,52,0.3573838415083341,-184.52759185575212,
642701,1002,165.98153297391264,161,0.3775713538504761,-248.58510594160975,
643338,709,64.09598173825802,39,0.0068730763739070794,-170.92577096529214,
643377,1093,243.14056467455038,187,0.0035902417891651617,-253.20546141079285,
643410,832,156.85755068623587,137,0.1178196429435638,-222.94197277978208,
643511,978,22.113322009653583,16,0.13957007650127035,-160.08735045037582,
645261,2891,534.4714023377222,330,6.94396503442077e-12,-387.7688609888701,
647336,1527,149.46604601372223,121,0.040456271646693014,-258.12469315741237,
650556,1189,82.18274735546788,46,0.0008268922210459765,-199.88736386408277,
650633,1219,325.53092768114686,265,0.006557876873595575,-293.167248907823,
650644,1747,606.1585010727523,446,6.162247445032263e-07,-342.16408233324455,
650893,715,297.2668511063488,231,0.0021196370835450066,-235.11121022550583,0.025
650911,2896,87.60516266194854,74,0.13342026584287234,-258.645437011744,
655889,431,48.29222331648388,34,0.053144765690444164,-148.61199880239468,
656186,456,197.61890900710222,138,0.0006604715300296375,-179.22344438161383,
656222,916,120.67575701397479,62,1.1905863369593515e-05,-190.38252665454274,
656234,957,136.03444062246834,122,0.18181921964982634,-236.6723973913173,
656240,711,122.13208197748563,84,0.004186493355346473,-202.6275480062044,
656271,1014,231.31185984381833,111,1.7873043869144673e-10,-192.0716479721974,
656288,1343,383.22920615454854,295,0.0004048000967997971,-304.27328314853094,
656302,3044,471.27746801967317,318,4.8096632127537525e-08,-352.40786978546794,
656427,2831,335.4553016531524,217,4.2660597864775214e-07,-319.0407037325431,
656457,839,243.34608671934083,198,0.015473085408221444,-237.62174484740672,0.0
656464,491,79.78034506238187,46,0.001473797177622196,-164.84507270287344,
656546,1127,169.08001470377465,128,0.008758435212222252,-243.22489510050946,
656550,1964,433.0023131728619,242,5.625712496876161e-13,-269.8436407248846,0.0
656557,749,169.06663602109708,126,0.006302280002291341,-215.55219586427495,
656605,2870,513.2352708748592,409,0.000340728422763502,-442.8503501080186,
656641,1388,173.51084734528877,143,0.041945941512685596,-254.2597091023431,
656686,332,79.06647610964234,65,0.11275147688632114,-162.22447307511823,
656730,753,25.320001586167873,18,0.11635252396253967,-167.01708765086113,0.0
656731,1234,343.1829239306372,320,0.17843460477179374,-307.1807319978418,
656794,1546,420.14330076595974,312,4.128798485497733e-05,-318.3896720967773,
656848,327,35.09256827826907,32,0.32362580860092843,-152.95364933913845,
656849,2699,381.51914192239815,268,6.1645279168703535e-06,-371.0943920265354,
656876,2316,418.4515712127532,254,3.545782569657438e-10,-289.32600731634784,
656945,911,30.866311856543952,24,0.1576749008575352,-180.90754681461726,
656986,728,45.66932826368518,43,0.3617833985144434,-184.98066157811093,
657006,313,86.48091904253897,57,0.007110301177887454,-136.0969435361921,
657044,650,102.04687371132302,60,0.000579425744882143,-176.50268066395267,
657097,978,106.51046810715312,68,0.0019714451849084827,-206.49867550178237,
657240,353,39.0080185060381,30,0.12554914471014395,-152.62359872910633,
657277,3282,423.11951010473337,289,4.324656569132452e-07,-403.59318026567325,0.0
657376,1226,460.00303734476665,367,0.0006788836127330328,-280.54056961087394,
657424,531,162.78919960342168,134,0.04585473758218869,-189.73718413253232,
657514,833,178.9904689604779,165,0.21597568769775283,-231.3577785599333,0.0
657571,1042,219.26320258639055,149,0.00015844733684584195,-242.10557529043854,
657585,979,274.2242052594907,223,0.010943466856033776,-264.4350492475098,
657612,899,42.36974648436133,38,0.28805098922973005,-177.60335646410624,
657649,1043,191.37212939023306,151,0.014592085726624179,-242.35822720864599,
657746,2794,552.2663712368359,430,5.87713627502772e-05,-455.48907239826076,
660271,753,407.6201058427117,383,0.18535396352048167,-264.29148306122124,
660730,335,170.19307825382845,125,0.004486045686051487,-162.58188489277006,
660761,295,102.80276872825236,72,0.010023814577010988,-148.8470426892825,
660787,590,116.15652288343401,98,0.10178827756480543,-191.5592553947372,
660825,1224,236.68323666452858,127,1.2514233002316629e-08,-207.12735548924957,
660853,1105,84.07147873626765,54,0.005465255742431576,-197.27364353453288,
660896,1058,228.31981711413297,171,0.002231512831542731,-253.74414628799946,
661395,1073,198.77084353019438,130,9.820225805995782e-05,-229.23144612955957,
661403,746,51.507353937436214,32,0.015870516729860815,-164.19416647260533,
661563,970,104.67646002628791,74,0.010951894709052562,-214.27783336492894,
662253,1035,124.58179460652434,110,0.16176461621292598,-236.64777086571257,
663158,1076,135.0783429952769,70,4.956402727606632e-06,-195.71038459471197,
663372,522,250.7077239171575,218,0.06352439611203951,-214.65871491319456,
663399,512,213.84640326398542,193,0.1448597602645973,-210.35254173976898,
663423,656,286.50064600775073,249,0.05130612338101835,-216.13536024425423,
663436,2307,648.4698573170979,491,2.2049580132710765e-06,-379.5512996703292,0.0
663455,500,59.96669657344028,38,0.01302730648121889,-165.94044723669805,
663460,1795,359.17119656209735,267,0.00014030383187652777,-317.4977850649652,
663465,1000,276.41516054386483,216,0.0034231673208277857,-245.64090706554293,
663485,1143,312.8530292079124,233,0.00036894799982560827,-289.2953243953068,
663542,318,77.56558324772683,59,0.05295309213151219,-155.03442238894272,
663546,254,58.000292769307535,52,0.26369872140974504,-140.68744455662545,
663554,2353,294.895956585046,226,0.0013931028369419587,-350.33697737417106,
663559,1951,403.75919034806844,284,3.718243956214357e-06,-315.3378330611408,
663568,1689,551.7802662295501,430,6.223781916852375e-05,-350.66120248670677,0.005
663574,1230,158.85971027635233,79,2.628027941045805e-07,-210.425292479546,
663623,2944,623.8213939005396,464,9.520215233816359e-07,-429.88127139211247,
663671,532,51.406063162975585,50,0.41844038653944815,-176.38289368506025,
663687,1125,199.38845947008312,158,0.014331934845861496,-239.23582849988293,
663738,1088,268.364903521026,228,0.03439713321463533,-280.7978568750707,
663765,625,226.4364286303672,199,0.08854656816492514,-215.8624290221594,0.01
663767,692,244.18773544714568,203,0.025422010633219815,-238.76389079067792,
663795,383,168.64164483261231,126,0.006705145378110511,-170.79828046787316,
663804,281,66.07897816857596,45,0.021959230182774875,-144.004542327469,
663855,1199,326.70750059658974,243,0.00026863510666559463,-266.49849108991316,
663878,280,71.91524021798365,49,0.018139694433400078,-147.27128989320246,
663893,1240,96.08317584024839,71,0.025426641105859835,-226.45831125382483,
663903,2850,377.3760404395312,307,0.0037406131870813104,-428.48369611523185,
663941,817,197.15319408632675,164,0.0395240652420875,-237.46301307795886,
663947,1159,159.71900043401828,149,0.2594488539609973,-256.5334436014698,
663969,1114,349.15187071248005,245,1.35943461187839e-05,-245.12532986073165,
663978,2565,434.07950684874226,381,0.031155375282699394,-433.40716205477656,
664062,609,225.39800028546387,138,3.8015957462426307e-06,-198.37416509963816,
664076,874,159.29109121655918,126,0.023981034633022924,-208.91384382605656,
664126,987,144.6221051128315,87,0.0001036998175533243,-218.23432244572996,
664139,387,168.2647503011341,144,0.08145513692560968,-182.0477105738022,
664141,469,147.9954688626766,121,0.04815887443500843,-182.7097673559128,
664192,632,137.05788040869174,78,4.156502508630928e-05,-183.97367773302574,
664199,865,165.57071194802444,146,0.12789736508023952,-236.57015046112622,
664208,1008,217.3523522799204,161,0.0020486407260657904,-229.30307995779208,
664285,2891,284.5873460586121,178,6.62759163688351e-07,-283.9322200007382,
664294,285,23.942129429516037,20,0.2449292180527451,-143.6427216630397,
664299,617,220.14279926374866,191,0.07282754956588239,-224.1667211683947,
664747,361,22.468327845877337,19,0.26157180999608887,-142.70841068529555,
664854,979,124.6997231900243,87,0.005015552650622435,-208.04740529850335,
664875,270,47.91403686469973,34,0.05720866058346685,-135.82914342657077,
664991,520,250.7836776580443,213,0.03884759314444096,-206.85454001405913,
665152,2692,434.5772344372438,328,7.068707653959822e-05,-394.01320673765076,
665660,765,119.74495600914315,108,0.20700208974548137,-218.8929303380536,
665795,2252,407.70954534287404,309,0.00013699962349466446,-379.72719205955445,
665871,567,247.26349949241754,222,0.1174901021607314,-215.34128131665636,
666142,1079,224.52017139212222,184,0.022285862239866335,-253.22084374174347,
666157,2478,178.25324003906664,137,0.01022869578988609,-310.53112161772697,
666171,1029,530.1744726226691,264,5.046413344376034e-20,-201.96883811069642,
666200,3013,331.8614283413129,226,5.581209326594002e-06,-354.3860711348839,
666214,1815,568.8224792433635,233,4.357975351110053e-30,-227.04653539352012,
666215,256,186.99969752818805,143,0.007911027200161777,-149.17675454709172,
666277,692,314.0426684579374,280,0.0789777819198032,-242.45887729829712,
666374,822,161.1829525852318,131,0.037654231086752546,-212.72632343779276,
666661,617,152.4042869364239,119,0.021036152298439116,-204.90515581373415,
666711,315,95.15370247694872,63,0.005507554882045681,-144.93706005475048,
666808,1103,172.40560126408752,82,2.163523167958342e-08,-223.4375747404897,
666974,986,444.7543638216757,322,6.606236580376692e-06,-253.42749178729468,
667297,461,82.38088593697323,58,0.019365465332785582,-165.76905427991824,
667463,782,153.8339740773325,103,0.000875183713414782,-199.6580905890063,
667755,2784,448.0337857879495,300,6.113264335952562e-08,-348.09399380994864,
668390,619,345.97094707721135,257,0.0001757128712523781,-212.7357888301999,
668674,963,204.42393156661277,159,0.008772821276508198,-240.1410643473389,
668678,3134,462.0067920659448,261,2.3105174614614347e-13,-362.10055535069387,
668716,391,104.57376966466968,56,8.942888200575948e-05,-150.24428748550463,
668820,529,93.33012382912709,65,0.012187173604579778,-179.87077813165416,
668881,1748,113.77259645891249,73,0.0016005960782911404,-233.60312696544088,
668909,2925,533.0106030527545,331,1.1807936389756294e-11,-384.92882972540247,
668933,1039,43.20503502149922,21,0.002959387013773456,-174.95259017828914,
668941,990,152.51445192291496,106,0.0020928695005187903,-218.1077243362539,
668964,826,268.8903946092238,271,0.5247950552706101,-262.40431695844427,
668984,861,163.78147482622276,124,0.00967364293553699,-219.25650503835357,0.005
669020,676,115.55684783378983,87,0.02198465693721633,-192.9747631036861,
669022,2818,201.55937719940843,176,0.09067947626630989,-332.97319169073216,
669060,854,304.26880612954125,266,0.05323674295954993,-261.5707226292286,0.005
669062,482,197.33917008495146,125,3.9532428260890875e-05,-174.36871786097822,
669084,588,305.5989625849656,286,0.2034976318984761,-231.93159716800244,
669093,1236,91.48713503277052,67,0.025132708385811848,-230.34880345247075,0.005
669160,2169,311.6988143032929,219,3.825734720415685e-05,-335.4099117780843,
669194,2466,305.15970050048435,246,0.006061043710169454,-308.05246833925594,
669199,1143,219.45139112260756,162,0.001787856299084655,-268.419918998698,
669203,1009,156.9475707791468,112,0.0032784335162515045,-222.03402271716402,
669211,1058,85.6749842524847,64,0.036589878066074485,-218.34524244947465,
669276,1102,167.80846799604032,54,1.3535945199923789e-13,-172.4744150152411,
669302,2156,249.6739587434683,202,0.012547058676871368,-290.2549707553503,0.0
669308,494,114.76531612549395,85,0.01742181965191685,-181.99752048011675,
669330,342,143.72552671650004,121,0.07772990983630494,-165.15019617508506,
669358,2718,314.28154729879395,237,0.0005695097039908739,-376.4249690856459,
669371,967,194.19769305667512,148,0.006467266027953977,-226.95716168094282,
669372,1575,208.57340431197397,141,0.0001889377678753789,-271.36159568447783,
669373,2849,313.3671591879626,251,0.004516879343064325,-367.46926858052075,
669387,1647,569.6422324084274,394,1.5491567408563088e-08,-316.75837493463587,0.02
669422,512,240.98777352260146,211,0.07665454551661628,-212.81743405588145,
669432,1627,377.03324366430326,271,2.1074562478681398e-05,-298.47549992452605,
669438,724,318.15617577033333,263,0.011204067435270042,-228.27778874139267,
669456,645,255.53830345449134,208,0.013700113797892493,-224.8971813469908,0.005
669461,2386,566.8786313425335,398,5.057195774271931e-08,-358.39097607844315,
669467,2720,219.72941676337643,156,0.0005874876054564291,-324.80228824649976,
669622,783,175.7495004313971,148,0.05937309226623631,-215.7112826757724,0.0
669674,786,318.17608750280505,261,0.008923560199711746,-252.12101663025692,
669684,569,219.3592768255666,193,0.09365305316903459,-218.34657714941068,
669704,406,147.9400483991075,125,0.07895897196192461,-172.420732173099,
669711,1069,351.9569334690087,344,0.37205378143020923,-289.39210380439613,
669713,508,212.83969160535082,165,0.007127167027939329,-201.7727184825261,
669724,946,95.15760693057683,104,0.7206656444970796,-224.26787317382855,
669854,793,179.1490874555761,149,0.046583951255273585,-237.5433881433695,
669920,1252,228.41595915840298,192,0.03705965913839046,-276.6509130939953,
669923,2086,392.2336705199859,328,0.008509257173044793,-359.38161584289446,0.0
670036,817,244.31740338753954,135,2.584131295165218e-08,-209.11075380850127,0.0
670059,492,253.30757194994018,191,0.0017029965079289025,-184.6996949415444,
670102,1141,223.37158320301927,189,0.044132130167163046,-267.5760788300038,
670167,1047,255.0680185033337,213,0.025621643051049414,-267.52794060346196,
670280,1024,115.05638550345017,80,0.00625527540993634,-215.9996361135528,
670329,586,98.93688182697129,87,0.17967984937450046,-201.05583650347376,
670912,665,224.28685291596483,161,0.0007252953056421018,-213.73623257697523,
670955,1214,222.47879404286687,158,0.0005529200331496422,-240.49020176758313,
670970,994,156.73322884083314,140,0.15812374135850835,-220.23409179499254,
670990,604,264.60959110388353,199,0.0012780702782170287,-202.06236821353207,
671096,2677,319.9359598395667,233,0.0001345818796155302,-328.3890303349531,
671106,2709,425.4821287080469,284,1.0413690372258536e-07,-349.41189200733834,
671109,302,129.35710650125708,82,0.0006670264829646521,-141.9823093679684,
671131,1339,439.8481570474406,281,4.0527449871093254e-09,-264.88727359291715,
671212,934,67.37936327985156,62,0.2983087722849599,-223.79866071436834,
671737,2272,349.4589807855437,264,0.0003269824363397479,-354.26917573594847,
671922,1182,79.83847169475224,53,0.010009624709512032,-197.60309626405217,
672282,1083,181.70453135335907,118,0.0001504994972426199,-214.47505217434423,
672335,437,177.858371086529,143,0.02541993627404645,-177.89609494962502,
672391,788,173.22388406644947,126,0.003376994647989279,-212.53724309741506,0.005
672456,1473,296.03624979179904,232,0.0028319376440513037,-299.86123451053277,
672578,759,175.58998436227753,142,0.029142995840141656,-225.52936397997655,
672582,1099,156.10610238658583,118,0.010808088627229722,-236.75255320451902,
672782,1099,462.7716789240475,415,0.05246164958474544,-297.6284124970607,
672841,1095,302.77719858161464,229,0.0007765083114398808,-235.1589816651449,0.0
673513,1063,262.4341397090128,202,0.002695235295279393,-257.27402300440644,
673540,1900,530.0943155675487,523,0.40556780196467423,-392.3006495273489,
673929,1130,92.609378794801,64,0.01117563506124892,-211.84509818217055,
674285,545,111.8645772001613,85,0.027039926787811606,-186.76525907895518,
674370,1378,421.5995549193474,287,3.7305926556144696e-07,-264.9758457225473,
674444,642,146.69996099343604,66,4.55618004064551e-08,-165.93170445781004,
674841,417,171.84016083108352,129,0.006966818936412261,-164.2210912379449,
675512,656,209.82791854263763,213,0.5485939966539954,-230.21440600380333,
675848,1074,29.08966645938139,20,0.08600876821655778,-183.22755046880388,
675911,2110,328.8380647993334,132,8.51141615915863e-19,-226.35292968275076,
676083,1622,302.04391908556266,250,0.013467448988356806,-310.5821535983305,
676092,477,207.46629167308564,131,2.3616798803171215e-05,-177.689137246963,
676106,1423,284.90157619165853,226,0.0047766649465075,-295.2017214055229,
676130,1095,342.9914523644943,240,1.405556854471007e-05,-254.17535533621185,
676254,1018,34.09603688501339,29,0.2357619609687993,-191.66158818369058,
676263,1146,105.56032838912805,62,0.0004702971282939053,-204.49775356272835,
676282,1637,309.5645134902903,169,2.4721999017680593e-10,-247.5076967679911,
676395,972,117.0563416398572,76,0.001745368769537798,-204.49434215698022,0.0
676428,1052,127.89601535049874,96,0.016414704202443783,-220.54561229718524,
676440,2969,708.557182293979,484,1.0641751339194137e-10,-415.10683748628253,
676467,1451,420.6439430959,312,3.8546108308056486e-05,-290.2140519650609,
676477,1180,106.33168855226339,90,0.11514807682452917,-236.78304616073206,
676508,1262,227.5420293704058,202,0.10497991741304688,-294.81889517958643,
676534,1054,318.6216073634102,272,0.027234104123391674,-273.8559733035677,0.0
676571,419,89.03144177018333,57,0.0042497852086028996,-165.15142931071608,
676617,758,97.22283525905722,73,0.030618440849374998,-207.6127874864851,
676661,646,88.99666630948062,94,0.62654769202601,-208.45103957766196,
676664,2366,499.14096231893114,345,1.0323258221280008e-07,-349.523984185676,
676684,1137,107.18520596753892,84,0.04486133862272097,-229.30933983600335,0.005
676702,343,112.26522282638518,93,0.08480046200924869,-156.0229979327808,
676755,777,64.30113352769473,54,0.15922598740418345,-186.02395836983538,
676879,1033,175.62464383363945,134,0.00917489901870073,-234.86108461060758,
676917,788,352.7530331313133,268,0.00038756676623807364,-238.3327505077159,
676961,742,349.2173794867261,272,0.0010746389947296935,-222.79294545148935,
676962,1759,72.64334243705434,54,0.046120359139111694,-233.61621356324713,
676974,1039,321.78423035518733,235,0.00014447835237612827,-255.8066038604627,
676979,3150,346.3489050223254,237,4.539376938978892e-06,-361.08501836161076,0.0
677161,581,246.9504200456723,209,0.037001745893447444,-207.27873475704405,
677944,2063,497.757709595824,427,0.010125723311019443,-371.99943474446536,
677952,1102,281.95382235676425,210,0.0006714615043425071,-269.63333496371934,
677955,488,135.81134509451113,107,0.03138463706305166,-179.69465228633993,
677958,1127,598.1988241097063,353,6.516825611338669e-15,-253.54171146103636,
677960,642,184.71789823419005,146,0.016587677647760448,-194.65036336435662,
678020,636,91.32566030275783,61,0.007192538730812815,-192.44874353752778,
678022,637,158.221604569991,127,0.03149698694520284,-208.33443219125684,
678024,1646,483.60190272123685,396,0.0016825166469588834,-325.8316741670392,
678226,717,65.12763121718139,22,3.776261091096715e-06,-161.7213643831917,
678368,1322,242.6562685364546,197,0.014771860292272183,-265.9139087318788,
678394,2697,433.2094435041412,319,2.0813937099566787e-05,-402.1751464948452,
678495,808,33.701677656948924,19,0.019923250722047238,-173.4849303218881,
678606,1208,192.29344825213178,102,1.6487006222425283e-07,-202.90339638456658,
678692,1158,284.68119413317555,193,1.93451554806158e-05,-257.72251144295547,
678821,436,26.609775981829777,23,0.27293341214183137,-159.55430454238973,
678906,573,297.5071854928451,212,9.620396843022821e-05,-201.1526843488249,
679358,681,89.67654316668353,73,0.08989523090478886,-202.53460438354364,
679775,430,77.36807417707566,40,0.0003575863229471502,-154.9272589684328,
679885,269,96.18260596704083,67,0.01122926692231592,-143.77057287887072,
680573,1878,364.43034989086425,302,0.007967815610543499,-336.5850484047328,
680684,547,271.0508750890256,195,0.0002572085795218172,-217.2392535878314,
680689,674,170.42751421361655,145,0.0731869157722196,-218.32836315917996,0.0
680694,494,152.3475251314053,137,0.17500206046175873,-198.13633076215103,
680704,289,129.66416399052937,97,0.014979690771228361,-153.7320988959022,
680730,2705,282.0315946432619,139,8.971188240635957e-12,-269.6735840293968,
680732,2376,369.02881178280285,233,3.2537445997891595e-08,-305.98249155100575,
680735,427,200.45202011508832,147,0.002244413744403388,-182.87849299130988,
680736,1092,378.4252882065575,263,3.913648007684139e-06,-241.8921135003643,
680742,727,249.96778053225327,209,0.027544170142821206,-225.25636210274843,
680755,833,133.8087935717473,111,0.06929943013769643,-221.84043159499925,
680767,919,123.58654481302071,118,0.34409480910661044,-233.83813758044187,
680880,375,83.78357790772968,48,0.0010621971514899332,-154.38073199166791,
680885,1573,583.2143034560112,387,3.9651108318783214e-10,-280.2253627541336,
681006,613,353.63041022230317,287,0.004417824079603708,-219.05772253174177,
681168,325,87.85362035519859,47,0.0002811076535151871,-145.14191118175492,
681190,2148,672.6930037267414,527,1.660372040414373e-05,-409.64550941576636,
681293,618,299.4811670519989,253,0.02379279885357813,-226.46656430329074,
681343,2419,451.2263745971384,321,2.122428987619735e-06,-364.12702160297704,
681347,1537,306.741613420562,262,0.02992207444667318,-319.1913333265304,
681517,1350,351.14661384636776,296,0.015143424992377514,-301.53586826775677,0.0
681676,524,109.449357226048,100,0.24352250072766551,-193.0034408857112,
681857,1159,361.7595531132192,297,0.005998197273946058,-290.6613994549805,
681867,276,114.4674931422905,83,0.012602189717017605,-140.6709314347824,
681869,551,237.25598438613284,212,0.11255847155213348,-224.89043898097577,
681870,503,95.3688937156731,45,1.7673335562350762e-05,-153.1478572649542,
681892,725,259.1181198037107,207,0.008074001803870226,-237.17679326160476,
681895,329,152.23665355509976,116,0.013508433845683602,-160.87935276135192,
681911,1023,96.01052682746607,47,3.2576054029749446e-05,-177.14424984383493,
681982,1158,157.08338973548834,136,0.10426008244034449,-241.31382301039935,
682052,1666,343.0703189618308,248,5.927244771130066e-05,-302.2872223441059,
682120,750,257.00743400229004,171,2.2869659686572537e-05,-209.5610974650292,
682243,1542,472.30123125591825,410,0.017983602088208442,-327.91518846204235,
682254,859,12.898178071607655,16,0.6801876097583561,-175.85017360862986,
682274,314,99.39894527079122,63,0.002352515087429801,-148.80922733563938,
682790,368,82.13315651971438,77,0.3233847717389208,-173.59200817575788,
682825,414,55.406834314345396,29,0.0022203473289180283,-153.82505527481044,
682842,1164,75.84695875283244,38,0.00025529043483359776,-190.78809926178087,
682847,1501,393.8023206015108,306,0.0005124694723206651,-313.78793511262074,
682989,314,115.19114125225583,89,0.03237860922634615,-161.91769339681383,
682990,2468,284.3943922234923,223,0.0033918546732885904,-363.73117564311224,
683004,2583,479.5214130688393,302,3.1780359826202704e-10,-347.4959383965356,
683175,377,63.717134805290655,42,0.016898860873291083,-155.09977192299317,
683232,845,70.79789474288297,59,0.13972055281970194,-204.2328342659623,
683409,1022,140.99553818123803,71,1.5350457623329893e-06,-205.7337395999191,
683618,279,166.8910000025227,135,0.03244879578713281,-145.84097299496693,
683627,608,281.22425696048566,206,0.0003843584624088905,-193.29171100908718,
683769,1049,93.89342844977028,72,0.042626251162465545,-214.060193823198,
684007,2176,224.3990301379229,171,0.00382373315813231,-297.65543646779815,
684320,1158,204.40335464736688,124,7.3535578505641786e-06,-215.8847571217591,
685107,481,219.67723537105104,187,0.05110438125812508,-205.27644139227004,
685126,1216,157.32473909340638,115,0.005386727809723365,-235.7783438333954,
685299,1244,136.94686137360097,80,7.71689810785193e-05,-209.8463619850054,
685314,427,66.28762267119893,47,0.0332597080442558,-163.2404244716435,
685326,501,126.78636386829884,90,0.006455310731885437,-176.5663659432355,
686218,1146,165.86864027391476,129,0.01586584306635763,-241.0500751114164,
686563,1793,513.8783326653969,342,4.837651789432962e-09,-316.81781765789856,
686580,499,111.27939106093493,93,0.09517918284371842,-190.50988206419368,
686613,2962,609.122733271801,373,1.2741179275410187e-13,-343.7071951785065,
686642,329,125.20073422972098,94,0.01738844861566985,-163.10379835880934,
686701,1312,292.08930515286744,286,0.38948862440529397,-320.94824128601294,
686752,2698,415.7189380496469,329,0.0008225814394991442,-368.49920115488476,
686799,1858,436.48146136705765,313,4.713659041719942e-06,-314.3716829229711,
686826,409,137.29615523781519,121,0.1477066682031312,-182.05929191329744,
686930,431,142.9447267056786,101,0.0038455267489575025,-172.24412718982893,
686973,1066,150.24288244717417,141,0.2815242463439868,-244.61198853097608,
686993,1092,169.05436006468136,71,5.665517593574203e-10,-194.31275355915557,
687064,939,324.19638422552487,287,0.06454861629506921,-261.2201349002237,
687075,290,189.25461947133329,169,0.1364391569243833,-156.5400512650143,
687134,1033,234.21965632637318,226,0.33969338354982315,-258.81042213858086,
687223,705,124.44442665469161,86,0.0042550958863833,-199.16528273277504,
687330,588,121.86271522751177,77,0.000856893019256528,-168.3318184042135,
687362,471,238.11850684352007,153,1.2602415688544142e-05,-177.18648027444954,
687377,501,165.13801669942987,137,0.050986597306486706,-200.10471318949874,
687396,366,39.9199961266825,32,0.15858953326324407,-140.2057135558326,
687473,1760,487.7975768098074,416,0.00861836019722617,-360.2479878096942,
687606,448,179.8029110558675,143,0.02008544824993965,-186.23539344312678,
687765,1353,214.13599368961292,191,0.12042841840635506,-292.8312617878853,
687830,463,215.0684386597908,162,0.0033367104336541197,-181.91218838694454,
687849,308,142.69268806241408,92,0.0005596422046139975,-152.80665543011253,
687863,624,231.19470564822126,98,8.974004944418149e-13,-176.5362741109126,
687888,814,247.5373142101316,202,0.01588457506880493,-236.0365045315416,0.01
687911,1046,106.21395165003494,100,0.3164917616484975,-222.2104224936486,
687922,438,161.7057355731189,139,0.09118707318350716,-181.4938071102303,
687931,408,90.1726300829591,68,0.03732730915893863,-163.9859552744831,
688138,1338,535.7100517146282,411,3.207201302447776e-05,-304.04856052499804,
688158,766,177.14636855371737,149,0.05752689431946102,-227.06395147963622,
688297,394,88.18723169084764,68,0.05047013896219796,-166.65072668242425,
688497,319,68.36213185928513,58,0.16572436684628708,-159.27933350481766,
688642,527,177.5787278731978,139,0.015079079169901706,-192.57077172767674,
689017,773,218.65245841586085,131,2.4187606202268675e-06,-201.5693301549568,
689147,1073,67.40510978048545,65,0.39483827308485964,-228.25100517184762,
689225,405,117.06182682387542,95,0.06194731478373031,-171.99023303489037,
689254,859,47.30061601920163,20,0.0005327790181564567,-165.146433804004,0.0
689266,536,129.02105630862673,81,0.0005538176076498181,-167.04753660678148,
689690,586,133.0000089362908,112,0.08568289857423858,-201.6216038898508,
690916,735,202.11130924328683,159,0.011761660358343359,-220.02434903152107,
690925,465,43.99877145242797,19,0.0009447416271633049,-154.82054123966202,
690928,931,267.59457564143196,241,0.11515532418073679,-272.7718832996575,
690953,720,257.83044535757307,241,0.21779764982774957,-253.22976777746885,
690986,587,112.3885388378274,90,0.05521257664152465,-184.69478209458975,
690990,1788,192.53409398155318,162,0.05085348620471733,-277.3244062751394,
690997,738,353.3295961228888,296,0.012343461931940436,-244.79407160701862,
691251,255,80.84477175441266,72,0.22245673262502616,-146.72577429327794,
691587,1673,371.02801688437296,295,0.001736759589172332,-291.52534401576054,
691799,610,118.05553353509274,89,0.02135800857915246,-185.35443553253901,
691951,303,101.46891306642996,76,0.027146532894805342,-159.75445381724518,
692285,288,91.20510305951926,78,0.14558399393240104,-158.2394251950481,
693312,652,111.45548822344344,88,0.04639673548755274,-203.37273002045526,
693313,621,247.7451712534479,219,0.08864440329155522,-225.6281796596793,
693433,2714,444.1331444535282,273,2.5807467276059007e-10,-310.26494862269874,
693645,1253,243.40163308082677,227,0.2167894410822924,-288.59741312070037,
693821,2514,331.429572831245,176,1.2856794298128734e-11,-280.99289547954277,0.0
693855,995,327.6962418249328,285,0.041484503359504564,-256.2925707843149,
694037,841,66.51601559919469,51,0.07105933713210001,-188.57905561439293,
694297,2918,794.2378864866206,492,1.3929266343057164e-16,-445.92164339578176,
694335,964,130.58960276937134,99,0.018356603149805386,-216.87099720453568,
694350,459,116.23913839582693,67,0.00018163321863125026,-170.15826142339017,
694361,305,92.10551643468932,80,0.1673440230285368,-161.0029220050708,
694363,280,85.36851896276825,62,0.026235315955955123,-136.5155474848765,
694462,862,448.33637310063153,342,9.482983335707224e-05,-236.63267489743112,
694477,2010,431.08532043754207,360,0.005918412226908029,-357.9687400842163,
694738,1851,240.85577565724034,203,0.03547212246029941,-324.7350878724569,
694819,1164,126.95852028649708,114,0.19175509580148065,-257.3102216850641,
694918,309,175.4025787781392,134,0.0094592302884882,-160.23570296565947,
694973,2997,644.3404412194839,550,0.0033015998977288675,-478.48646011480287,0.005
695243,972,65.66672455201727,39,0.004781697866437724,-183.09259950883916,
695418,2127,299.28032383639203,191,8.93011393647881e-07,-327.22965587958424,
695445,600,160.81771900883217,119,0.006428317142438239,-201.5784221316519,
695505,764,114.53505518652307,90,0.04150320935078888,-193.97699067080782,
695549,877,256.6651056692546,202,0.005550294056521407,-258.37945992018626,
696147,334,90.82850122664006,60,0.006243560100900764,-148.9770615134115,
696149,461,105.92472340996922,82,0.038931648260387586,-175.51212575614375,
696270,274,129.2548867754645,101,0.03046953847220587,-152.66147795587437,
700241,1465,396.1842640132401,353,0.05612118834803048,-314.4863433808648,0.0
700249,1971,575.1634899737862,476,0.0011998530136781431,-358.071465608532,
700363,711,141.82078970195914,105,0.009701182796417733,-198.7136718000354,
700669,756,230.1820882503893,200,0.0704853956814693,-233.49111150644228,
701487,539,108.29102949785639,108,0.47402525527795897,-193.22278201332028,
701519,663,376.6390383208103,316,0.010747309468104486,-228.39350077043787,
701542,2802,302.1007229553292,250,0.013390296920872053,-374.6388761072981,
701552,361,47.32882690221192,41,0.23005270773131292,-154.87917382636712,
701581,882,232.9554000889704,159,0.00011988455046207487,-231.36680238196004,
701656,410,77.81721894112826,63,0.09902726314325448,-165.401147005729,
702070,2164,368.914410811571,298,0.003179629278284813,-377.7404435791477,
702352,1294,329.0221961203732,276,0.015599880679964435,-313.72541739526923,
702674,562,176.149891972457,134,0.008532827619092274,-202.30772671328475,
800048,625,263.3221338665844,205,0.003710528391928878,-209.28672608909324,
800049,489,311.11979963481633,284,0.1289529191036528,-204.03764101638126,
800311,293,86.89627035567963,69,0.07155621828136421,-151.94263362549822,
801139,304,76.03118579037279,71,0.31978917152970604,-148.0901030901708,
801403,1778,332.7163667754022,272,0.006957355985744258,-340.42973110845196,
804636,371,103.18620965529946,76,0.020728808589074225,-170.49025205838257,
805123,507,104.12126957014199,107,0.5607548952475384,-198.02081817702413,
805299,277,66.13073324012136,49,0.05179951492320759,-144.68583699879974,
805673,1353,361.9882675686794,318,0.04495300729043556,-313.0373781317328,
806185,1194,281.73564313946355,230,0.011232097394971155,-285.75898316323287,
806188,908,479.50879323075776,409,0.009153593857580704,-256.32642288803004,
806960,821,181.10608617161697,142,0.014814008635306148,-225.0184605012381,
808963,621,92.51657810469774,71,0.044131350958975794,-192.24726766925545,
808967,2789,539.9679202691157,383,2.0431368933308445e-07,-389.99248633898014,
813349,323,193.72839690399653,152,0.012505142127035695,-159.46032084583385,
815083,405,93.71955799851797,58,0.0020671961779913355,-155.41874022339817,
820862,645,134.36787319782096,54,8.551764878776205e-09,-168.7738525562014,0.005
829272,674,175.37434457998728,145,0.04354776090199077,-215.49696087202972,
