pitcher,n,orig_real_fired,orig_real_pitches,strat_real_fired,strat_real_pitches,orig_ctrl_fired,orig_ctrl_pitches,strat_ctrl_fired,strat_ctrl_pitches,name
434378,2608,True,342,True,238,False,-1,False,-1,"Verlander, Justin"
445276,869,False,-1,False,-1,False,-1,False,-1,"Jansen, Kenley"
450203,2548,False,-1,False,-1,False,-1,False,-1,"Morton, Charlie"
453286,1390,False,-1,True,1168,False,-1,False,-1,"Scherzer, Max"
455119,638,False,-1,False,-1,False,-1,False,-1,"Martin, Chris"
458677,816,False,-1,False,-1,False,-1,False,-1,"Wilson, Justin"
471911,779,True,181,False,-1,False,-1,False,-1,"Carrasco, Carlos"
472610,896,True,840,False,-1,True,361,False,-1,"García, Luis"
477132,1768,False,-1,True,1263,False,-1,False,-1,"Kershaw, Clayton"
489446,762,False,-1,False,-1,False,-1,False,-1,"Yates, Kirby"
500779,2174,False,-1,False,-1,True,822,False,-1,"Quintana, Jose"
502043,280,False,-1,False,-1,False,-1,False,-1,"Gibson, Kyle"
502085,304,False,-1,False,-1,False,-1,False,-1,"Robertson, David"
506433,1156,False,-1,False,-1,False,-1,False,-1,"Darvish, Yu"
518397,313,True,157,False,-1,True,157,False,-1,"Alexander, Scott"
518489,404,False,-1,False,-1,False,-1,False,-1,"Brasier, Ryan"
518585,792,True,417,False,-1,True,451,False,-1,"Cruz, Fernando"
518876,2833,False,-1,False,-1,False,-1,False,-1,"Kelly, Merrill"
519008,272,False,-1,False,-1,False,-1,False,-1,"McFarland, T.J."
519141,800,False,-1,False,-1,False,-1,False,-1,"Pomeranz, Drew"
519151,661,False,-1,False,-1,False,-1,False,-1,"Pressly, Ryan"
519242,2031,True,967,True,355,False,-1,False,-1,"Sale, Chris"
519326,332,False,-1,False,-1,False,-1,False,-1,"Strickland, Hunter"
527048,902,False,-1,False,-1,False,-1,False,-1,"Pérez, Martín"
542881,2339,True,735,False,-1,True,1128,False,-1,"Anderson, Tyler"
542888,1118,False,-1,True,640,False,-1,False,-1,"Armstrong, Shawn"
543056,719,False,-1,False,-1,False,-1,False,-1,"Coulombe, Danny"
543101,634,False,-1,False,-1,False,-1,False,-1,"DeSclafani, Anthony"
543135,1919,True,1632,True,362,False,-1,False,-1,"Eovaldi, Nathan"
543243,2718,True,165,False,-1,True,165,False,-1,"Gray, Sonny"
543294,2571,False,-1,True,1457,False,-1,False,-1,"Hendricks, Kyle"
543518,297,False,-1,False,-1,False,-1,False,-1,"McGough, Scott"
543859,397,False,-1,False,-1,False,-1,False,-1,"Tonkin, Michael"
547179,2318,False,-1,False,-1,False,-1,False,-1,"Lorenzen, Michael"
547184,658,False,-1,False,-1,False,-1,False,-1,"Kelly, Michael"
547973,917,False,-1,True,273,False,-1,False,-1,"Chapman, Aroldis"
548384,388,False,-1,False,-1,False,-1,False,-1,"Raley, Brooks"
552640,768,False,-1,False,-1,False,-1,False,-1,"Kittredge, Andrew"
554340,359,False,-1,True,284,False,-1,False,-1,"García, Yimi"
554430,2394,True,1296,False,-1,True,395,False,-1,"Wheeler, Zack"
570632,934,False,-1,False,-1,False,-1,False,-1,"Ureña, José"
571510,2746,True,464,True,372,False,-1,False,-1,"Boyd, Matthew"
571578,2588,True,1409,True,782,False,-1,False,-1,"Corbin, Patrick"
571760,2082,False,-1,False,-1,False,-1,False,-1,"Heaney, Andrew"
571927,1159,False,-1,False,-1,False,-1,False,-1,"Matz, Steven"
571945,2480,True,1923,True,243,False,-1,False,-1,"Mikolas, Miles"
571946,705,False,-1,False,-1,False,-1,False,-1,"Miller, Shelby"
571948,1157,False,-1,True,442,False,-1,False,-1,"Milner, Hoby"
572955,968,False,-1,False,-1,False,-1,False,-1,"Johnson, Pierce"
573124,894,False,-1,False,-1,False,-1,False,-1,"Rogers, Taylor"
573186,704,False,-1,False,-1,False,-1,False,-1,"Stroman, Marcus"
573204,839,False,-1,False,-1,False,-1,False,-1,"Thielbar, Caleb"
579328,3094,True,1918,True,2511,False,-1,False,-1,"Kikuchi, Yusei"
592094,1087,False,-1,False,-1,False,-1,False,-1,"Adam, Jason"
592155,571,False,-1,False,-1,False,-1,False,-1,"Booser, Cam"
592332,3030,True,735,True,636,False,-1,False,-1,"Gausman, Kevin"
592426,782,False,-1,False,-1,False,-1,False,-1,"Jackson, Luke"
592454,1035,False,-1,False,-1,False,-1,False,-1,"Kahnle, Tommy"
592662,3069,True,1416,True,449,False,-1,False,-1,"Ray, Robbie"
592773,1063,False,-1,True,547,False,-1,False,-1,"Stanek, Ryne"
592779,610,False,-1,True,552,False,-1,False,-1,"Stewart, Brock"
592791,1979,True,711,True,259,True,795,False,-1,"Taillon, Jameson"
592836,2061,False,-1,False,-1,False,-1,False,-1,"Walker, Taijuan"
592866,1448,True,549,True,351,False,-1,False,-1,"Williams, Trevor"
593423,708,False,-1,False,-1,False,-1,False,-1,"Montas, Frankie"
593576,548,True,163,True,259,False,-1,False,-1,"Neris, Héctor"
593958,2588,True,175,False,-1,True,363,False,-1,"Rodriguez, Eduardo"
593974,1138,False,-1,False,-1,False,-1,False,-1,"Peralta, Wandy"
594580,332,True,151,False,-1,False,-1,False,-1,"Moll, Sam"
594798,2614,False,-1,False,-1,False,-1,False,-1,"deGrom, Jacob"
594902,719,False,-1,False,-1,False,-1,False,-1,"Lively, Ben"
595014,511,False,-1,False,-1,False,-1,False,-1,"Treinen, Blake"
595345,1051,True,183,True,137,False,-1,False,-1,"Okert, Steven"
595928,545,False,-1,False,-1,False,-1,False,-1,"Curtiss, John"
596001,1032,False,-1,False,-1,False,-1,False,-1,"Junis, Jakob"
596133,1049,False,-1,False,-1,False,-1,False,-1,"Weaver, Luke"
596271,276,False,-1,False,-1,False,-1,False,-1,"Lawrence, Casey"
596295,999,False,-1,False,-1,False,-1,False,-1,"Gomber, Austin"
601713,2851,True,337,False,-1,True,246,False,-1,"Pivetta, Nick"
605130,1272,False,-1,False,-1,False,-1,False,-1,"Barlow, Scott"
605135,2829,False,-1,False,-1,False,-1,False,-1,"Bassitt, Chris"
605154,459,False,-1,False,-1,False,-1,False,-1,"Brebbia, John"
605177,614,True,555,True,283,False,-1,False,-1,"Chafin, Andrew"
605280,2764,False,-1,False,-1,False,-1,False,-1,"Holmes, Clay"
605288,1892,False,-1,False,-1,False,-1,False,-1,"Houser, Adrian"
605347,386,True,244,False,-1,True,120,False,-1,"López, Jorge"
605400,1568,False,-1,False,-1,False,-1,False,-1,"Nola, Aaron"
605447,701,False,-1,False,-1,False,-1,False,-1,"Romano, Jordan"
605452,862,False,-1,False,-1,False,-1,False,-1,"Ross, Joe"
605463,536,False,-1,False,-1,False,-1,False,-1,"Scott, Tayler"
605483,1028,False,-1,False,-1,False,-1,False,-1,"Snell, Blake"
605488,2847,True,429,True,268,False,-1,False,-1,"Springs, Jeffrey"
605540,964,False,-1,False,-1,False,-1,False,-1,"Woodruff, Brandon"
606160,1088,False,-1,False,-1,False,-1,False,-1,"Montero, Rafael"
606303,449,False,-1,False,-1,False,-1,False,-1,"Payamps, Joel"
606965,262,False,-1,False,-1,False,-1,False,-1,"Devenski, Chris"
606996,691,False,-1,False,-1,False,-1,False,-1,"Hart, Kyle"
607067,2533,False,-1,False,-1,True,44,False,-1,"Rea, Colin"
607074,3212,True,2631,False,-1,False,-1,False,-1,"Rodón, Carlos"
607192,1480,False,-1,False,-1,False,-1,False,-1,"Glasnow, Tyler"
607200,2369,False,-1,False,-1,False,-1,False,-1,"Fedde, Erick"
607259,2577,False,-1,True,268,False,-1,False,-1,"Martinez, Nick"
607455,1065,False,-1,False,-1,False,-1,False,-1,"Banda, Anthony"
607481,932,True,91,True,551,False,-1,False,-1,"Bummer, Aaron"
607536,2482,False,-1,False,-1,False,-1,False,-1,"Freeland, Kyle"
607625,2380,False,-1,False,-1,False,-1,False,-1,"Lugo, Seth"
608032,1043,False,-1,False,-1,False,-1,False,-1,"Estévez, Carlos"
608331,3109,False,-1,False,-1,False,-1,False,-1,"Fried, Max"
608334,460,True,398,False,-1,True,460,False,-1,"Fulmer, Carson"
608337,2367,False,-1,False,-1,False,-1,False,-1,"Giolito, Lucas"
608371,279,True,180,True,211,False,-1,False,-1,"Sims, Lucas"
608372,2565,False,-1,False,-1,False,-1,False,-1,"Sugano, Tomoyuki"
608379,2665,False,-1,False,-1,False,-1,False,-1,"Wacha, Michael"
608566,2085,True,445,True,591,False,-1,False,-1,"Márquez, Germán"
608650,741,True,203,False,-1,False,-1,False,-1,"Enns, Dietrich"
608665,324,False,-1,False,-1,False,-1,False,-1,"Graveman, Kendall"
608717,411,False,-1,False,-1,False,-1,False,-1,"Stratton, Chris"
608718,1116,False,-1,False,-1,False,-1,False,-1,"Suter, Brent"
614179,302,False,-1,False,-1,False,-1,False,-1,"Ruiz, José"
615698,2004,False,-1,False,-1,False,-1,False,-1,"Quantrill, Cal"
620454,543,True,212,True,247,True,143,False,-1,"Castillo, José"
621051,974,False,-1,True,933,False,-1,False,-1,"Wilson, Steven"
621053,990,False,-1,False,-1,False,-1,False,-1,"Ferguson, Tyler"
621107,1127,False,-1,False,-1,False,-1,False,-1,"Eflin, Zach"
621111,2189,True,163,True,341,False,-1,False,-1,"Buehler, Walker"
621112,666,False,-1,False,-1,False,-1,False,-1,"Blackburn, Paul"
621121,1147,True,123,False,-1,True,399,False,-1,"McCullers Jr., Lance"
621139,381,False,-1,False,-1,False,-1,False,-1,"Kriske, Brooks"
621199,447,False,-1,False,-1,False,-1,False,-1,"Bowman, Matt"
621237,457,False,-1,False,-1,False,-1,False,-1,"Alvarado, José"
621242,1067,True,289,True,322,False,-1,False,-1,"Díaz, Edwin"
621244,2583,False,-1,True,530,False,-1,False,-1,"Berríos, José"
621366,594,True,469,False,-1,False,-1,False,-1,"Borucki, Ryan"
621381,993,False,-1,False,-1,False,-1,False,-1,"Strahm, Matt"
621383,1084,False,-1,False,-1,False,-1,False,-1,"Banks, Tanner"
622491,2988,True,175,True,1515,True,277,False,-1,"Castillo, Luis"
622503,534,False,-1,False,-1,False,-1,False,-1,"Crismatt, Nabil"
622554,1101,True,234,False,-1,True,333,False,-1,"Domínguez, Seranthony"
622608,2284,False,-1,False,-1,False,-1,False,-1,"Senzatela, Antonio"
622663,2731,True,302,True,302,False,-1,False,-1,"Severino, Luis"
622786,304,False,-1,False,-1,False,-1,False,-1,"Tinoco, Jesus"
623149,317,False,-1,False,-1,False,-1,False,-1,"Sewald, Paul"
623167,673,False,-1,True,328,False,-1,False,-1,"Flexen, Chris"
623211,1011,False,-1,False,-1,False,-1,False,-1,"Brazobán, Huascar"
623352,847,False,-1,False,-1,False,-1,False,-1,"Hader, Josh"
623437,979,True,44,False,-1,False,-1,False,-1,"Topa, Justin"
623474,1281,False,-1,True,837,False,-1,False,-1,"Herget, Jimmy"
624133,2430,False,-1,False,-1,False,-1,False,-1,"Suarez, Ranger"
628452,964,False,-1,True,399,False,-1,False,-1,"Iglesias, Raisel"
640448,846,True,96,True,124,True,181,False,-1,"Finnegan, Kyle"
640455,1095,True,216,False,-1,False,-1,False,-1,"Manaea, Sean"
641154,1258,False,-1,False,-1,False,-1,False,-1,"López, Pablo"
641302,1585,False,-1,False,-1,False,-1,False,-1,"Alexander, Tyler"
641329,1102,False,-1,False,-1,False,-1,False,-1,"Baker, Bryan"
641401,840,True,68,True,648,False,-1,False,-1,"Brogdon, Connor"
641482,599,False,-1,False,-1,False,-1,False,-1,"Cortes, Nestor"
641540,372,False,-1,True,140,False,-1,False,-1,"Dunning, Dane"
641656,641,False,-1,False,-1,False,-1,False,-1,"Hamilton, Ian"
641672,586,False,-1,False,-1,False,-1,False,-1,"Hatch, Thomas"
641745,1113,True,835,False,-1,True,89,False,-1,"Keller, Brad"
641755,1225,False,-1,False,-1,False,-1,False,-1,"Kinley, Tyler"
641778,1682,False,-1,False,-1,False,-1,False,-1,"Lauer, Eric"
641793,2788,False,-1,True,509,True,169,False,-1,"Littell, Zack"
641816,1381,False,-1,True,775,False,-1,False,-1,"Mahle, Tyler"
641835,301,False,-1,False,-1,False,-1,False,-1,"Mayza, Tim"
641927,2356,False,-1,False,-1,False,-1,False,-1,"Ober, Bailey"
641941,1068,False,-1,True,348,False,-1,False,-1,"Pagán, Emilio"
642016,255,False,-1,False,-1,False,-1,False,-1,"Robert, Daniel"
642100,921,False,-1,False,-1,False,-1,False,-1,"Speier, Gabe"
642121,387,False,-1,False,-1,False,-1,False,-1,"Sulser, Cole"
642152,841,False,-1,False,-1,False,-1,False,-1,"Trivino III, Lou"
642207,1115,True,438,False,-1,False,-1,False,-1,"Williams, Devin"
642232,1017,True,271,False,-1,True,271,False,-1,"Yarbrough, Ryan"
642239,347,False,-1,False,-1,False,-1,False,-1,"Zastryzny, Rob"
642397,1031,False,-1,True,979,False,-1,False,-1,"Soto, Gregory"
642528,467,False,-1,False,-1,False,-1,False,-1,"Loáisiga, Jonathan"
642547,3086,False,-1,False,-1,False,-1,False,-1,"Peralta, Freddy"
642585,626,False,-1,False,-1,False,-1,False,-1,"Bautista, Félix"
642701,1002,True,86,False,-1,False,-1,False,-1,"Santana, Dennis"
643338,709,False,-1,False,-1,False,-1,False,-1,"Green, Chad"
643377,1093,False,-1,True,585,False,-1,False,-1,"Jax, Griffin"
643410,832,False,-1,False,-1,False,-1,False,-1,"Leiter Jr., Mark"
643511,978,False,-1,False,-1,False,-1,False,-1,"Rogers, Tyler"
645261,2891,True,161,True,161,False,-1,False,-1,"Alcantara, Sandy"
647336,1527,False,-1,False,-1,True,509,True,509,"Soroka, Michael"
650556,1189,False,-1,True,1054,False,-1,False,-1,"Abreu, Bryan"
650633,1219,False,-1,False,-1,False,-1,False,-1,"King, Michael"
650644,1747,False,-1,True,759,False,-1,False,-1,"Civale, Aaron"
650893,715,False,-1,False,-1,False,-1,False,-1,"Cabrera, Génesis"
650911,2896,False,-1,False,-1,True,2643,False,-1,"Sánchez, Cristopher"
655889,431,False,-1,False,-1,True,375,False,-1,"Rodríguez, Manuel"
656186,456,False,-1,True,152,False,-1,False,-1,"Altavilla, Dan"
656222,916,False,-1,False,-1,False,-1,False,-1,"Beeks, Jalen"
656234,957,False,-1,False,-1,False,-1,False,-1,"Bird, Jake"
656240,711,False,-1,False,-1,False,-1,False,-1,"Blewett, Scott"
656271,1014,True,460,True,510,True,930,False,-1,"Burke, Brock"
656288,1343,False,-1,True,538,False,-1,False,-1,"Canning, Griffin"
656302,3044,True,633,True,633,False,-1,False,-1,"Cease, Dylan"
656427,2831,False,-1,True,644,False,-1,False,-1,"Flaherty, Jack"
656457,839,False,-1,False,-1,False,-1,False,-1,"Gilbert, Tyler"
656464,491,False,-1,False,-1,False,-1,False,-1,"Ginkel, Kevin"
656546,1127,True,205,True,489,True,352,False,-1,"Hoffman, Jeff"
656550,1964,True,1783,True,494,False,-1,False,-1,"Holmes, Grant"
656557,749,False,-1,False,-1,False,-1,False,-1,"Houck, Tanner"
656605,2870,False,-1,False,-1,False,-1,False,-1,"Keller, Mitch"
656641,1388,False,-1,False,-1,False,-1,False,-1,"Latz, Jacob"
656686,332,False,-1,False,-1,False,-1,False,-1,"Martin, Corbin"
656730,753,False,-1,False,-1,False,-1,False,-1,"Megill, Trevor"
656731,1234,True,436,True,436,False,-1,False,-1,"Megill, Tylor"
656794,1546,False,-1,False,-1,False,-1,False,-1,"Newcomb, Sean"
656848,327,False,-1,False,-1,False,-1,False,-1,"Petersen, Michael"
656849,2699,False,-1,False,-1,False,-1,False,-1,"Peterson, David"
656876,2316,True,149,True,553,False,-1,False,-1,"Rasmussen, Drew"
656945,911,False,-1,False,-1,False,-1,False,-1,"Scott, Tanner"
656986,728,False,-1,True,348,False,-1,False,-1,"Sousa, Bennett"
657006,313,False,-1,False,-1,False,-1,False,-1,"Steele, Justin"
657044,650,False,-1,False,-1,False,-1,False,-1,"Thompson, Ryan"
657097,978,True,598,False,-1,False,-1,False,-1,"Webb, Jacob"
657240,353,False,-1,False,-1,False,-1,False,-1,"Merryweather, Julian"
657277,3282,True,3107,True,3107,False,-1,False,-1,"Webb, Logan"
657376,1226,True,328,False,-1,False,-1,False,-1,"Schmidt, Clarke"
657424,531,False,-1,False,-1,False,-1,False,-1,"Gage, Matt"
657514,833,False,-1,True,140,False,-1,False,-1,"Bernardino, Brennan"
657571,1042,True,897,False,-1,False,-1,False,-1,"Ferguson, Caleb"
657585,979,False,-1,False,-1,False,-1,False,-1,"Garrett, Reed"
657612,899,False,-1,False,-1,False,-1,False,-1,"Hill, Tim"
657649,1043,False,-1,True,376,False,-1,False,-1,"Koenig, Jared"
657746,2794,False,-1,False,-1,False,-1,False,-1,"Ryan, Joe"
660271,753,False,-1,False,-1,False,-1,False,-1,"Ohtani, Shohei"
660730,335,False,-1,False,-1,False,-1,False,-1,"Rodríguez, Elvin"
660761,295,False,-1,False,-1,False,-1,False,-1,"Suarez, José"
660787,590,False,-1,False,-1,False,-1,False,-1,"De los Santos, Yerry"
660825,1224,False,-1,False,-1,False,-1,False,-1,"Bazardo, Eduard"
660853,1105,True,49,True,333,True,49,False,-1,"De Los Santos, Enyel"
660896,1058,False,-1,True,206,False,-1,False,-1,"Alcala, Jorge"
661395,1073,False,-1,True,535,False,-1,False,-1,"Duran, Jhoan"
661403,746,False,-1,False,-1,False,-1,False,-1,"Clase, Emmanuel"
661563,970,False,-1,False,-1,False,-1,False,-1,"Gil, Luis"
662253,1035,False,-1,False,-1,False,-1,False,-1,"Muñoz, Andrés"
663158,1076,False,-1,True,709,False,-1,False,-1,"Suarez, Robert"
663372,522,False,-1,False,-1,False,-1,False,-1,"Feltner, Ryan"
663399,512,False,-1,False,-1,False,-1,False,-1,"Waddell, Brandon"
663423,656,False,-1,False,-1,False,-1,False,-1,"Thornton, Trent"
663436,2307,False,-1,True,268,False,-1,False,-1,"Martin, Davis"
663455,500,False,-1,False,-1,False,-1,False,-1,"Pilkington, Konnor"
663460,1795,False,-1,False,-1,False,-1,False,-1,"Bubic, Kris"
663465,1000,False,-1,False,-1,False,-1,False,-1,"Allard, Kolby"
663485,1143,False,-1,True,582,False,-1,False,-1,"Sands, Cole"
663542,318,False,-1,False,-1,False,-1,False,-1,"Hudson, Bryan"
663546,254,False,-1,False,-1,False,-1,False,-1,"Hjelle, Sean"
663554,2353,True,170,False,-1,False,-1,False,-1,"Mize, Casey"
663559,1951,False,-1,True,337,False,-1,False,-1,"Falter, Bailey"
663568,1689,False,-1,False,-1,False,-1,False,-1,"Kolek, Stephen"
663574,1230,False,-1,True,1047,False,-1,False,-1,"Santillan, Tony"
663623,2944,True,359,True,272,False,-1,False,-1,"Irvin, Jake"
663671,532,False,-1,False,-1,False,-1,False,-1,"Enright, Nic"
663687,1125,True,219,True,869,False,-1,False,-1,"Harris, Hogan"
663738,1088,False,-1,False,-1,False,-1,False,-1,"Lynch IV, Daniel"
663765,625,True,270,False,-1,True,270,False,-1,"Woodford, Jake"
663767,692,False,-1,False,-1,False,-1,False,-1,"Shugart, Chase"
663795,383,False,-1,False,-1,False,-1,False,-1,"Hagenman, Justin"
663804,281,False,-1,False,-1,False,-1,False,-1,"Kowar, Jackson"
663855,1199,False,-1,True,256,False,-1,False,-1,"Hicks, Jordan"
663878,280,False,-1,False,-1,False,-1,False,-1,"Pearson, Nate"
663893,1240,True,107,False,-1,False,-1,False,-1,"Little, Brendon"
663903,2850,False,-1,False,-1,False,-1,False,-1,"Singer, Brady"
663941,817,False,-1,False,-1,False,-1,False,-1,"Beck, Tristan"
663947,1159,True,70,False,-1,True,101,False,-1,"Holton, Tyler"
663969,1114,True,92,True,479,True,54,False,-1,"Phillips, Tyler"
663978,2565,False,-1,False,-1,False,-1,False,-1,"Paddack, Chris"
664062,609,False,-1,False,-1,False,-1,False,-1,"Gonsolin, Tony"
664076,874,False,-1,False,-1,False,-1,False,-1,"Cleavinger, Garrett"
664126,987,False,-1,False,-1,False,-1,False,-1,"Fairbanks, Pete"
664139,387,False,-1,False,-1,False,-1,False,-1,"Gibaut, Ian"
664141,469,False,-1,False,-1,False,-1,False,-1,"Brubaker, JT"
664192,632,False,-1,True,294,False,-1,False,-1,"Lucchesi, Joey"
664199,865,False,-1,False,-1,False,-1,False,-1,"Clarke, Taylor"
664208,1008,True,555,True,600,False,-1,False,-1,"Maton, Phil"
664285,2891,False,-1,True,2344,False,-1,False,-1,"Valdez, Framber"
664294,285,False,-1,False,-1,False,-1,False,-1,"Moreta, Dauri"
664299,617,False,-1,False,-1,False,-1,False,-1,"Javier, Cristian"
664747,361,False,-1,False,-1,False,-1,False,-1,"Díaz, Alexis"
664854,979,False,-1,False,-1,False,-1,False,-1,"Helsley, Ryan"
664875,270,False,-1,False,-1,False,-1,False,-1,"Lawrence, Justin"
664991,520,False,-1,False,-1,False,-1,False,-1,"Wolfram, Grant"
665152,2692,False,-1,False,-1,True,1186,False,-1,"Kremer, Dean"
665660,765,False,-1,False,-1,False,-1,False,-1,"Alvarado, Elvis"
665795,2252,True,351,True,351,False,-1,False,-1,"Cabrera, Edward"
665871,567,True,207,True,368,True,567,False,-1,"Assad, Javier"
666142,1079,False,-1,False,-1,False,-1,False,-1,"Ragans, Cole"
666157,2478,False,-1,False,-1,False,-1,False,-1,"Lodolo, Nick"
666171,1029,True,623,True,217,False,-1,False,-1,"Zeferjahn, Ryan"
666200,3013,False,-1,False,-1,True,1967,False,-1,"Luzardo, Jesús"
666214,1815,False,-1,True,843,False,-1,False,-1,"Wentz, Joey"
666215,256,False,-1,False,-1,False,-1,False,-1,"Whitley, Forrest"
666277,692,False,-1,False,-1,False,-1,False,-1,"Soriano, George"
666374,822,False,-1,False,-1,False,-1,False,-1,"Brash, Matt"
666661,617,False,-1,False,-1,False,-1,False,-1,"Morillo, Juan"
666711,315,True,79,False,-1,False,-1,False,-1,"Peguero, Joel"
666808,1103,False,-1,False,-1,False,-1,False,-1,"Doval, Camilo"
666974,986,False,-1,False,-1,True,173,False,-1,"Cano, Yennier"
667297,461,False,-1,False,-1,False,-1,False,-1,"Nance, Tommy"
667463,782,False,-1,False,-1,False,-1,False,-1,"King, John"
667755,2784,False,-1,False,-1,False,-1,False,-1,"Soriano, José"
668390,619,False,-1,False,-1,False,-1,False,-1,"Winn, Cole"
668674,963,False,-1,False,-1,False,-1,False,-1,"Erceg, Lucas"
668678,3134,False,-1,True,1806,False,-1,False,-1,"Gallen, Zac"
668716,391,False,-1,False,-1,False,-1,False,-1,"Murdock, Noah"
668820,529,False,-1,False,-1,False,-1,False,-1,"Kranick, Max"
668881,1748,False,-1,False,-1,False,-1,True,457,"Greene, Hunter"
668909,2925,False,-1,False,-1,False,-1,False,-1,"Williams, Gavin"
668933,1039,True,981,False,-1,False,-1,False,-1,"Ashcraft, Graham"
668941,990,False,-1,False,-1,False,-1,True,310,"Romero, JoJo"
668964,826,False,-1,False,-1,False,-1,False,-1,"Myers, Tobias"
668984,861,False,-1,False,-1,False,-1,False,-1,"Legumina, Casey"
669020,676,True,50,False,-1,False,-1,False,-1,"Rolison, Ryan"
669022,2818,True,393,False,-1,True,792,False,-1,"Gore, MacKenzie"
669060,854,False,-1,False,-1,False,-1,False,-1,"Wilson, Bryse"
669062,482,False,-1,False,-1,False,-1,False,-1,"Miller, Erik"
669084,588,False,-1,False,-1,False,-1,False,-1,"Hall, DL"
669093,1236,False,-1,False,-1,False,-1,False,-1,"Estrada, Jeremiah"
669160,2169,False,-1,True,421,False,-1,False,-1,"May, Dustin"
669194,2466,False,-1,True,378,False,-1,False,-1,"Nelson, Ryne"
669199,1143,False,-1,False,-1,False,-1,False,-1,"Bachar, Lake"
669203,1009,True,556,False,-1,True,373,False,-1,"Burnes, Corbin"
669211,1058,False,-1,False,-1,False,-1,False,-1,"Akin, Keegan"
669276,1102,False,-1,True,492,False,-1,False,-1,"Lee, Dylan"
669302,2156,True,2081,True,368,True,2156,False,-1,"Gilbert, Logan"
669308,494,False,-1,False,-1,False,-1,False,-1,"Reynolds, Sean"
669330,342,True,174,False,-1,False,-1,False,-1,"Wells, Tyler"
669358,2718,False,-1,False,-1,True,1081,False,-1,"Baz, Shane"
669371,967,False,-1,False,-1,False,-1,False,-1,"Henry, Cole"
669372,1575,True,1308,False,-1,True,887,False,-1,"Ginn, J.T."
669373,2849,False,-1,False,-1,False,-1,False,-1,"Skubal, Tarik"
669387,1647,False,-1,False,-1,False,-1,False,-1,"Mlodzinski, Carmen"
669422,512,False,-1,False,-1,True,102,False,-1,"Sauer, Matt"
669432,1627,False,-1,False,-1,False,-1,False,-1,"Rogers, Trevor"
669438,724,False,-1,True,693,False,-1,False,-1,"Englert, Mason"
669456,645,False,-1,False,-1,False,-1,False,-1,"Bieber, Shane"
669461,2386,False,-1,True,253,False,-1,False,-1,"Liberatore, Matthew"
669467,2720,False,-1,False,-1,True,263,False,-1,"Pallante, Andre"
669622,783,False,-1,False,-1,False,-1,False,-1,"Bender, Anthony"
669674,786,False,-1,False,-1,False,-1,False,-1,"Long, Sam"
669684,569,False,-1,False,-1,False,-1,False,-1,"Murphy, Chris"
669704,406,False,-1,False,-1,False,-1,False,-1,"Strowd, Kade"
669711,1069,False,-1,False,-1,False,-1,False,-1,"Weissert, Greg"
669713,508,False,-1,False,-1,True,170,False,-1,"Wesneski, Hayden"
669724,946,False,-1,False,-1,False,-1,False,-1,"Hanifee, Brenan"
669854,793,False,-1,False,-1,False,-1,False,-1,"Blanco, Ronel"
669920,1252,False,-1,False,-1,False,-1,False,-1,"Alexander, Jason"
669923,2086,False,-1,False,-1,False,-1,False,-1,"Kirby, George"
670036,817,True,144,False,-1,True,232,False,-1,"Festa, Matt"
670059,492,False,-1,False,-1,True,107,False,-1,"Holderman, Colin"
670102,1141,False,-1,False,-1,False,-1,False,-1,"Francis, Bowden"
670167,1047,False,-1,False,-1,False,-1,False,-1,"Schreiber, John"
670280,1024,False,-1,True,570,False,-1,False,-1,"Bednar, David"
670329,586,True,407,False,-1,True,586,False,-1,"Garcia, Rico"
670912,665,False,-1,False,-1,False,-1,False,-1,"Oviedo, Johan"
670955,1214,False,-1,True,453,False,-1,False,-1,"Uceta, Edwin"
670970,994,False,-1,False,-1,False,-1,False,-1,"Morejon, Adrian"
670990,604,False,-1,True,503,False,-1,False,-1,"Ramírez, Yohan"
671096,2677,False,-1,False,-1,False,-1,False,-1,"Abbott, Andrew"
671106,2709,False,-1,False,-1,False,-1,False,-1,"Allen, Logan"
671109,302,True,302,True,204,True,143,False,-1,"Eder, Jake"
671131,1339,True,128,False,-1,True,128,False,-1,"Rutledge, Jackson"
671212,934,False,-1,False,-1,False,-1,False,-1,"Boyle, Joe"
671737,2272,False,-1,True,547,False,-1,False,-1,"Bradley, Taj"
671922,1182,False,-1,False,-1,False,-1,False,-1,"Smith, Cade"
672282,1083,True,809,False,-1,True,169,False,-1,"Detmers, Reid"
672335,437,False,-1,False,-1,False,-1,False,-1,"Pérez, Cionel"
672391,788,False,-1,False,-1,False,-1,False,-1,"Ort, Kaleb"
672456,1473,True,1092,False,-1,True,657,False,-1,"Montero, Keider"
672578,759,False,-1,False,-1,False,-1,False,-1,"Hernández, Carlos"
672582,1099,False,-1,False,-1,False,-1,False,-1,"Zerpa, Angel"
672782,1099,True,120,False,-1,False,-1,False,-1,"Gómez, Yoendrys"
672841,1095,False,-1,False,-1,False,-1,False,-1,"Vargas, Carlos"
673513,1063,False,-1,False,-1,False,-1,False,-1,"Matsui, Yuki"
673540,1900,False,-1,False,-1,False,-1,False,-1,"Senga, Kodai"
673929,1130,False,-1,False,-1,False,-1,False,-1,"Leasure, Jordan"
674285,545,True,336,True,508,True,314,False,-1,"Salazar, Eduardo"
674370,1378,False,-1,False,-1,False,-1,False,-1,"Bido, Osvaldo"
674444,642,False,-1,True,642,False,-1,False,-1,"Cruz, Steven"
674841,417,False,-1,False,-1,True,253,False,-1,"Alvarez, Andrew"
675512,656,False,-1,False,-1,False,-1,False,-1,"Melton, Troy"
675848,1074,False,-1,False,-1,False,-1,False,-1,"Mejia, Juan"
675911,2110,True,807,True,712,False,-1,False,-1,"Strider, Spencer"
676083,1622,False,-1,False,-1,False,-1,False,-1,"Junk, Janson"
676092,477,False,-1,False,-1,False,-1,False,-1,"Snider, Collin"
676106,1423,False,-1,False,-1,False,-1,False,-1,"Hancock, Emerson"
676130,1095,False,-1,False,-1,False,-1,False,-1,"Buttó, José"
676254,1018,False,-1,False,-1,False,-1,False,-1,"Walker, Ryan"
676263,1146,False,-1,False,-1,False,-1,False,-1,"Dreyer, Jack"
676282,1637,True,853,True,853,False,-1,True,231,"Cantillo, Joey"
676395,972,False,-1,False,-1,False,-1,False,-1,"Garcia, Robert"
676428,1052,False,-1,True,508,False,-1,False,-1,"Hurter, Brant"
676440,2969,False,-1,True,173,False,-1,False,-1,"Bibee, Tanner"
676467,1451,True,168,True,402,True,1313,False,-1,"Gordon, Colton"
676477,1180,False,-1,False,-1,False,-1,False,-1,"Whitlock, Garrett"
676508,1262,False,-1,False,-1,True,49,False,-1,"Casparius, Ben"
676534,1054,True,204,True,252,True,961,False,-1,"Faucher, Calvin"
676571,419,True,293,False,-1,False,-1,False,-1,"Poulin, PJ"
676617,758,False,-1,False,-1,False,-1,False,-1,"O'Brien, Riley"
676661,646,False,-1,False,-1,False,-1,False,-1,"Lazar, Max"
676664,2366,False,-1,True,279,False,-1,False,-1,"Sears, JP"
676684,1137,False,-1,False,-1,False,-1,False,-1,"Vest, Will"
676702,343,False,-1,False,-1,False,-1,False,-1,"Stratton, Hunter"
676755,777,False,-1,False,-1,False,-1,False,-1,"Mattson, Isaac"
676879,1033,False,-1,False,-1,False,-1,False,-1,"Ashby, Aaron"
676917,788,False,-1,True,266,False,-1,False,-1,"Cavalli, Cade"
676961,742,True,482,True,297,True,96,False,-1,"Boushley, Caleb"
676962,1759,False,-1,False,-1,True,140,False,-1,"Brown, Ben"
676974,1039,True,617,False,-1,False,-1,False,-1,"Meyer, Max"
676979,3150,False,-1,False,-1,False,-1,False,-1,"Crochet, Garrett"
677161,581,False,-1,False,-1,False,-1,False,-1,"Kelly, Zack"
677944,2063,True,1156,True,1426,False,-1,False,-1,"Cecconi, Slade"
677952,1102,False,-1,False,-1,False,-1,False,-1,"Ashcraft, Braxton"
677955,488,False,-1,False,-1,True,488,False,-1,"Hill, Jaden"
677958,1127,False,-1,False,-1,False,-1,False,-1,"Rocker, Kumar"
677960,642,False,-1,False,-1,True,349,False,-1,"Weathers, Ryan"
678020,636,True,46,False,-1,False,-1,False,-1,"Halvorsen, Seth"
678022,637,False,-1,False,-1,True,132,False,-1,"Perkins, Jack"
678024,1646,False,-1,False,-1,True,726,False,-1,"Vasil, Mike"
678226,717,True,142,True,205,False,-1,False,-1,"Hernández, Daysbel"
678368,1322,True,1223,False,-1,True,942,False,-1,"Bellozo, Valente"
678394,2697,False,-1,False,-1,False,-1,False,-1,"Bello, Brayan"
678495,808,False,-1,False,-1,False,-1,False,-1,"Rodríguez, Randy"
678606,1208,False,-1,False,-1,False,-1,False,-1,"Ferrer, José A."
678692,1158,False,-1,False,-1,False,-1,False,-1,"Henriquez, Ronny"
678821,436,False,-1,False,-1,False,-1,False,-1,"Peralta, Luis"
678906,573,False,-1,False,-1,False,-1,False,-1,"Teng, Kai-Wei"
679358,681,False,-1,False,-1,False,-1,False,-1,"Orze, Eric"
679775,430,False,-1,False,-1,False,-1,False,-1,"Backhus, Kyle"
679885,269,True,150,False,-1,True,114,False,-1,"Martinez, Justin"
680573,1878,False,-1,False,-1,False,-1,True,352,"Woods Richardson, Simeon"
680684,547,False,-1,False,-1,False,-1,False,-1,"Hoglund, Gunnar"
680689,674,True,463,False,-1,True,595,False,-1,"Richardson, Lyon"
680694,494,False,-1,False,-1,False,-1,False,-1,"Bradish, Kyle"
680704,289,False,-1,False,-1,False,-1,False,-1,"Sandlin, Nick"
680730,2705,True,360,True,1216,True,1300,False,-1,"Parker, Mitchell"
680732,2376,True,927,True,392,True,1991,False,-1,"Burke, Sean"
680735,427,True,57,True,332,False,-1,False,-1,"Cox, Austin"
680736,1092,False,-1,False,-1,False,-1,False,-1,"Wrobleski, Justin"
680742,727,True,114,False,-1,True,114,False,-1,"Bowlan, Jonathan"
680755,833,True,145,True,203,True,145,False,-1,"Fisher, Braydon"
680767,919,True,332,False,-1,False,-1,False,-1,"Vodnik, Victor"
680880,375,False,-1,False,-1,False,-1,False,-1,"Holman, Grant"
680885,1573,False,-1,False,-1,False,-1,False,-1,"Schwellenbach, Spencer"
681006,613,True,179,False,-1,False,-1,False,-1,"Simpson, Josh"
681168,325,True,146,False,-1,False,-1,False,-1,"Curvelo, Luis"
681190,2148,True,896,False,-1,True,460,False,-1,"Vásquez, Randy"
681293,618,False,-1,False,-1,False,-1,False,-1,"Arrighetti, Spencer"
681343,2419,False,-1,False,-1,False,-1,False,-1,"Smith, Shane"
681347,1537,False,-1,False,-1,True,775,False,-1,"Burrows, Mike"
681517,1350,True,718,True,366,False,-1,False,-1,"Leahy, Kyle"
681676,524,False,-1,False,-1,False,-1,False,-1,"Fernandez, Ryan"
681857,1159,False,-1,False,-1,False,-1,False,-1,"Olson, Reese"
681867,276,False,-1,False,-1,False,-1,False,-1,"Criswell, Cooper"
681869,551,True,110,False,-1,True,89,False,-1,"Dubin, Shawn"
681870,503,False,-1,True,493,False,-1,False,-1,"Sabrowski, Erik"
681892,725,False,-1,False,-1,False,-1,False,-1,"Funderburk, Kody"
681895,329,False,-1,False,-1,True,97,False,-1,"Sisk, Evan"
681911,1023,False,-1,True,694,False,-1,False,-1,"Vesia, Alex"
681982,1158,True,350,False,-1,False,-1,False,-1,"Anderson, Grant"
682052,1666,False,-1,False,-1,False,-1,False,-1,"Lopez, Jacob"
682120,750,True,101,True,688,True,56,False,-1,"Herrin, Tim"
682243,1542,False,-1,False,-1,False,-1,False,-1,"Miller, Bryce"
682254,859,False,-1,False,-1,False,-1,False,-1,"Montgomery, Mason"
682274,314,False,-1,False,-1,False,-1,False,-1,"Hiraldo, Yaramil"
682790,368,False,-1,False,-1,False,-1,False,-1,"González, Wikelman"
682825,414,False,-1,True,368,False,-1,False,-1,"Mey, Luis"
682842,1164,True,107,True,224,True,107,False,-1,"Uribe, Abner"
682847,1501,False,-1,False,-1,False,-1,False,-1,"Ortiz, Luis"
682989,314,False,-1,False,-1,False,-1,False,-1,"Mederos, Victor"
682990,2468,False,-1,False,-1,False,-1,False,-1,"Priester, Quinn"
683004,2583,False,-1,False,-1,False,-1,False,-1,"Leiter, Jack"
683175,377,True,282,True,255,False,-1,False,-1,"Phillips, Connor"
683232,845,False,-1,False,-1,False,-1,False,-1,"Mears, Nick"
683409,1022,False,-1,True,681,False,-1,False,-1,"Chivilli, Angel"
683618,279,False,-1,False,-1,False,-1,False,-1,"Henriquez, Edgardo"
683627,608,False,-1,False,-1,False,-1,False,-1,"Molina, Anthony"
683769,1049,False,-1,False,-1,False,-1,False,-1,"Gaddis, Hunter"
684007,2176,False,-1,False,-1,True,692,False,-1,"Imanaga, Shota"
684320,1158,False,-1,True,492,False,-1,False,-1,"Rodríguez, Yariel"
685107,481,False,-1,False,-1,False,-1,False,-1,"Veneziano, Anthony"
685126,1216,True,171,False,-1,True,855,False,-1,"Eisert, Brandon"
685299,1244,False,-1,False,-1,False,-1,False,-1,"Gordon, Tanner"
685314,427,False,-1,False,-1,False,-1,False,-1,"Saalfrank, Andrew"
685326,501,False,-1,True,358,False,-1,False,-1,"Brown, McCade"
686218,1146,True,145,True,145,False,-1,False,-1,"Sheehan, Emmet"
686563,1793,True,453,True,453,False,-1,False,-1,"Cannon, Jonathan"
686580,499,False,-1,False,-1,False,-1,False,-1,"Slaten, Justin"
686613,2962,True,187,True,285,True,1426,False,-1,"Brown, Hunter"
686642,329,False,-1,False,-1,False,-1,True,268,"Ellard, Fraser"
686701,1312,False,-1,False,-1,False,-1,False,-1,"Bergert, Ryan"
686752,2698,False,-1,True,1286,False,-1,False,-1,"Pepiot, Ryan"
686799,1858,False,-1,True,301,False,-1,False,-1,"Kochanowicz, Jack"
686826,409,True,182,False,-1,True,182,False,-1,"Jarvis, Bryce"
686930,431,False,-1,False,-1,False,-1,False,-1,"Barnett, Mason"
686973,1066,False,-1,False,-1,False,-1,False,-1,"Varland, Louis"
686993,1092,False,-1,True,692,False,-1,False,-1,"Sterner, Justin"
687064,939,False,-1,False,-1,False,-1,False,-1,"Young, Brandon"
687075,290,False,-1,False,-1,True,229,False,-1,"Sproat, Brandon"
687134,1033,False,-1,False,-1,False,-1,False,-1,"Blalock, Bradley"
687223,705,False,-1,False,-1,False,-1,False,-1,"Palmquist, Carson"
687330,588,False,-1,False,-1,False,-1,False,-1,"Kelly, Kevin"
687362,471,False,-1,True,232,False,-1,False,-1,"Gillispie, Connor"
687377,501,True,142,False,-1,True,142,False,-1,"Ribalta, Orlando"
687396,366,False,-1,False,-1,False,-1,False,-1,"Headrick, Brent"
687473,1760,False,-1,True,331,False,-1,False,-1,"Gusto, Ryan"
687606,448,False,-1,False,-1,False,-1,False,-1,"Schultz, Paxton"
687765,1353,False,-1,False,-1,False,-1,False,-1,"Spence, Mitch"
687830,463,False,-1,False,-1,False,-1,False,-1,"Gipson-Long, Sawyer"
687849,308,False,-1,True,180,False,-1,False,-1,"Kent, Zak"
687863,624,False,-1,False,-1,False,-1,False,-1,"Hodge, Porter"
687888,814,False,-1,False,-1,False,-1,False,-1,"Walter, Brandon"
687911,1046,False,-1,True,519,False,-1,False,-1,"King, Bryan"
687922,438,True,156,True,243,True,243,False,-1,"Lucas, Easton"
687931,408,False,-1,False,-1,False,-1,False,-1,"Whisenhunt, Carson"
688138,1338,False,-1,True,256,False,-1,False,-1,"Evans, Logan"
688158,766,False,-1,True,313,False,-1,False,-1,"Morgan, David"
688297,394,False,-1,False,-1,False,-1,False,-1,"Roycroft, Chris"
688497,319,False,-1,False,-1,False,-1,False,-1,"Rashi, Taylor"
688642,527,True,502,False,-1,False,-1,False,-1,"Agnos, Zach"
689017,773,False,-1,True,718,False,-1,False,-1,"Knack, Landon"
689147,1073,False,-1,False,-1,False,-1,False,-1,"Kerkering, Orion"
689225,405,False,-1,False,-1,False,-1,False,-1,"Brieske, Beau"
689254,859,False,-1,True,859,False,-1,False,-1,"Fluharty, Mason"
689266,536,False,-1,True,346,False,-1,False,-1,"Dodd, Dylan"
689690,586,False,-1,False,-1,False,-1,False,-1,"Jacob, Alek"
690916,735,True,173,False,-1,False,-1,False,-1,"Fitts, Richard"
690925,465,False,-1,False,-1,False,-1,False,-1,"Beeter, Clayton"
690928,931,True,623,False,-1,False,-1,False,-1,"Dobbins, Hunter"
690953,720,True,328,False,-1,True,162,False,-1,"Abel, Mick"
690986,587,False,-1,False,-1,False,-1,False,-1,"Harrison, Kyle"
690990,1788,True,1093,False,-1,True,331,False,-1,"Horton, Cade"
690997,738,False,-1,False,-1,False,-1,False,-1,"McLean, Nolan"
691251,255,False,-1,False,-1,False,-1,False,-1,"Lara, Andry"
691587,1673,False,-1,False,-1,False,-1,False,-1,"Pérez, Eury"
691799,610,False,-1,False,-1,False,-1,False,-1,"Taylor, Grant"
691951,303,False,-1,False,-1,False,-1,False,-1,"Aldegheri, Sam"
692285,288,False,-1,False,-1,False,-1,False,-1,"Guerrero, Luis"
693312,652,False,-1,False,-1,False,-1,False,-1,"Nicolas, Kyle"
693313,621,False,-1,False,-1,False,-1,False,-1,"Seymour, Carson"
693433,2714,False,-1,True,165,False,-1,False,-1,"Woo, Bryan"
693645,1253,False,-1,False,-1,False,-1,False,-1,"Schlittler, Cam"
693821,2514,True,1497,True,1497,False,-1,False,-1,"Elder, Bryce"
693855,995,False,-1,True,635,False,-1,False,-1,"Seymour, Ian"
694037,841,False,-1,True,638,False,-1,False,-1,"Palencia, Daniel"
694297,2918,False,-1,False,-1,False,-1,False,-1,"Pfaadt, Brandon"
694335,964,False,-1,False,-1,False,-1,False,-1,"Svanson, Matt"
694350,459,False,-1,False,-1,False,-1,False,-1,"Brzykcy, Zach"
694361,305,True,92,False,-1,False,-1,False,-1,"Klein, Will"
694363,280,False,-1,False,-1,False,-1,False,-1,"Shuster, Jared"
694462,862,True,322,True,235,False,-1,False,-1,"Waldrep, Hurston"
694477,2010,True,429,True,429,False,-1,False,-1,"Patrick, Chad"
694738,1851,False,-1,False,-1,False,-1,False,-1,"Roupp, Landen"
694819,1164,True,167,False,-1,False,-1,False,-1,"Misiorowski, Jacob"
694918,309,False,-1,False,-1,False,-1,False,-1,"Tidwell, Blade"
694973,2997,True,196,False,-1,False,-1,False,-1,"Skenes, Paul"
695243,972,False,-1,False,-1,False,-1,False,-1,"Miller, Mason"
695418,2127,True,42,False,-1,True,42,False,-1,"Lord, Brad"
695445,600,False,-1,False,-1,True,140,False,-1,"Lee, Chase"
695505,764,False,-1,False,-1,False,-1,False,-1,"Burns, Chase"
695549,877,False,-1,True,252,False,-1,False,-1,"Jobe, Jackson"
696147,334,False,-1,False,-1,False,-1,False,-1,"Bachman, Sam"
696149,461,True,158,False,-1,True,461,False,-1,"Chandler, Bubba"
696270,274,False,-1,False,-1,False,-1,False,-1,"Johnson, Ryan"
700241,1465,True,701,False,-1,True,947,False,-1,"McGreevy, Michael"
700249,1971,False,-1,False,-1,False,-1,False,-1,"Povich, Cade"
700363,711,True,505,True,673,False,-1,False,-1,"Smith-Shawver, AJ"
700669,756,False,-1,False,-1,False,-1,False,-1,"Graceffo, Gordon"
701487,539,False,-1,True,476,False,-1,False,-1,"Ohl, Pierson"
701519,663,False,-1,False,-1,False,-1,False,-1,"Adams, Travis"
701542,2802,True,572,False,-1,True,751,False,-1,"Warren, Will"
701552,361,False,-1,False,-1,False,-1,False,-1,"Granillo, Andre"
701581,882,False,-1,False,-1,False,-1,False,-1,"Festa, David"
701656,410,False,-1,False,-1,False,-1,False,-1,"Henderson, Logan"
702070,2164,True,689,True,962,False,-1,False,-1,"Cameron, Noah"
702352,1294,False,-1,False,-1,False,-1,False,-1,"Bivens, Spencer"
702674,562,False,-1,True,380,False,-1,False,-1,"Dana, Caden"
800048,625,False,-1,False,-1,False,-1,True,625,"Messick, Parker"
800049,489,False,-1,False,-1,False,-1,False,-1,"Mazur, Adam"
800311,293,False,-1,False,-1,False,-1,False,-1,"Fuentes, Didier"
801139,304,False,-1,False,-1,False,-1,False,-1,"Tolle, Payton"
801403,1778,False,-1,True,683,False,-1,False,-1,"Dollander, Chase"
804636,371,False,-1,False,-1,False,-1,False,-1,"Tong, Jonah"
805123,507,False,-1,False,-1,False,-1,False,-1,"Blubaugh, AJ"
805299,277,False,-1,False,-1,False,-1,False,-1,"Garcia, Brandyn"
805673,1353,False,-1,False,-1,False,-1,False,-1,"Matthews, Zebby"
806185,1194,False,-1,False,-1,False,-1,False,-1,"Birdsong, Hayden"
806188,908,False,-1,False,-1,False,-1,False,-1,"Gibson, Cade"
806960,821,False,-1,False,-1,False,-1,False,-1,"Morales, Luis"
808963,621,False,-1,False,-1,False,-1,False,-1,"Sasaki, Roki"
808967,2789,False,-1,True,1024,False,-1,False,-1,"Yamamoto, Yoshinobu"
813349,323,False,-1,False,-1,False,-1,False,-1,"Early, Connelly"
815083,405,False,-1,False,-1,False,-1,False,-1,"Farris, Mitch"
820862,645,False,-1,False,-1,False,-1,False,-1,"Fermin, José"
829272,674,True,425,False,-1,False,-1,False,-1,"Ogasawara, Shinnosuke"
