pitcher,name,n,games,fired,fire_game,fire_date,pitches_at_fire,logE_final
434378,"Verlander, Justin",2608,29,True,4,2025-04-15,342,17.492286229068768
445276,"Jansen, Kenley",869,62,False,-1,,-1,-59.61000432630163
450203,"Morton, Charlie",2548,33,False,-1,,-1,-27.54028920946605
453286,"Scherzer, Max",1390,17,False,-1,,-1,-3.976037186660456
455119,"Martin, Chris",638,49,False,-1,,-1,-18.895321287551102
458677,"Wilson, Justin",816,61,False,-1,,-1,-27.2665656346518
471911,"Carrasco, Carlos",779,11,True,3,2025-04-08,181,8.957023996427097
472610,"García, Luis",896,58,True,28,2025-06-28,505,4.032475863115774
477132,"Kershaw, Clayton",1768,23,False,-1,,-1,-9.853815667188803
489446,"Yates, Kirby",762,50,False,-1,,-1,-0.9287431118330942
500779,"Quintana, Jose",2174,24,False,-1,,-1,-6.241682744463446
502043,"Gibson, Kyle",280,4,False,-1,,-1,-12.865251073645297
502085,"Robertson, David",304,20,False,-1,,-1,-14.636886249746839
506433,"Darvish, Yu",1156,15,False,-1,,-1,-35.02631992836646
518397,"Alexander, Scott",313,21,True,10,2025-04-27,136,12.683472413372733
518489,"Brasier, Ryan",404,28,False,-1,,-1,-13.41743227518381
518585,"Cruz, Fernando",792,49,True,23,2025-06-06,401,8.408835579191937
518876,"Kelly, Merrill",2833,32,False,-1,,-1,-36.65734571082206
519008,"McFarland, T.J.",272,27,False,-1,,-1,-13.288737741646836
519141,"Pomeranz, Drew",800,57,False,-1,,-1,-21.05535989090478
519151,"Pressly, Ryan",661,44,False,-1,,-1,-36.13139876238995
519242,"Sale, Chris",2031,21,True,7,2025-04-30,657,18.148390904879676
519326,"Strickland, Hunter",332,19,False,-1,,-1,-7.9168097482549165
527048,"Pérez, Martín",902,11,False,-1,,-1,-9.472727009890633
542881,"Anderson, Tyler",2339,26,True,7,2025-05-06,641,13.566338873763598
542888,"Armstrong, Shawn",1118,71,False,-1,,-1,-2.232738684555925
543056,"Coulombe, Danny",719,55,False,-1,,-1,-14.425262531284407
543101,"DeSclafani, Anthony",634,13,False,-1,,-1,-20.28402227426946
543135,"Eovaldi, Nathan",1919,22,True,20,2025-08-11,1718,7.01997573503413
543243,"Gray, Sonny",2718,32,True,2,2025-04-02,165,35.69580064101623
543294,"Hendricks, Kyle",2571,31,False,-1,,-1,-11.672454823517768
543518,"McGough, Scott",297,13,False,-1,,-1,-12.884423872659207
543859,"Tonkin, Michael",397,21,False,-1,,-1,-2.0218188143753055
547179,"Lorenzen, Michael",2318,27,False,-1,,-1,-45.04200312852563
547184,"Kelly, Michael",658,42,False,-1,,-1,-28.401783590876065
547973,"Chapman, Aroldis",917,67,False,-1,,-1,-24.093992781352323
548384,"Raley, Brooks",388,30,False,-1,,-1,-13.482022930062008
552640,"Kittredge, Andrew",768,54,False,-1,,-1,-12.988310483362673
554340,"García, Yimi",359,22,False,-1,,-1,-2.438062982533792
554430,"Wheeler, Zack",2394,24,True,13,2025-06-09,1296,21.787996682698065
570632,"Ureña, José",934,19,False,-1,,-1,-14.520818165649366
571510,"Boyd, Matthew",2746,31,True,5,2025-04-23,464,33.83976118423951
571578,"Corbin, Patrick",2588,31,True,19,2025-07-23,1658,27.383303119047472
571760,"Heaney, Andrew",2082,27,False,-1,,-1,-24.21110854823055
571927,"Matz, Steven",1159,53,False,-1,,-1,-35.47219642602162
571945,"Mikolas, Miles",2480,31,True,31,2025-09-26,2480,7.391012479499167
571946,"Miller, Shelby",705,48,False,-1,,-1,-24.26526556024589
571948,"Milner, Hoby",1157,73,True,73,2025-09-28,1157,3.5407037766871787
572955,"Johnson, Pierce",968,65,False,-1,,-1,-27.402027180267368
573124,"Rogers, Taylor",894,57,False,-1,,-1,1.539171234984015
573186,"Stroman, Marcus",704,9,False,-1,,-1,-20.3932746932293
573204,"Thielbar, Caleb",839,67,False,-1,,-1,-8.333568679251478
579328,"Kikuchi, Yusei",3094,33,True,22,2025-07-24,2105,8.107108834059161
592094,"Adam, Jason",1087,65,False,-1,,-1,-11.460473506103362
592155,"Booser, Cam",571,39,False,-1,,-1,-13.606565259281538
592332,"Gausman, Kevin",3030,32,True,7,2025-05-03,636,12.467186744219632
592426,"Jackson, Luke",782,52,False,-1,,-1,-17.891217235153
592454,"Kahnle, Tommy",1035,66,False,-1,,-1,-22.930666707075584
592662,"Ray, Robbie",3069,32,True,6,2025-04-26,546,13.173166947435021
592773,"Stanek, Ryne",1063,65,False,-1,,-1,-13.428825095181889
592779,"Stewart, Brock",610,43,False,-1,,-1,-18.00124770565331
592791,"Taillon, Jameson",1979,23,True,5,2025-04-20,435,73.69826145714507
592836,"Walker, Taijuan",2061,34,False,-1,,-1,-11.070114638291919
592866,"Williams, Trevor",1448,17,False,-1,,-1,-17.37577868976568
593423,"Montas, Frankie",708,9,False,-1,,-1,-36.58676424406309
593576,"Neris, Héctor",548,35,True,12,2025-05-27,163,-14.41712552765772
593958,"Rodriguez, Eduardo",2588,29,True,2,2025-04-05,175,-3.77812243531487
593974,"Peralta, Wandy",1138,71,False,-1,,-1,-4.3479977323191505
594580,"Moll, Sam",332,23,True,8,2025-07-18,122,1.0291213595335416
594798,"deGrom, Jacob",2614,30,False,-1,,-1,-9.616520355597615
594902,"Lively, Ben",719,9,False,-1,,-1,-23.406616747564826
595014,"Treinen, Blake",511,32,False,-1,,-1,-0.6790766642263537
595345,"Okert, Steven",1051,68,True,12,2025-04-28,183,-6.152822785545299
595928,"Curtiss, John",545,30,False,-1,,-1,-15.143112439590148
596001,"Junis, Jakob",1032,57,False,-1,,-1,-26.82756417042504
596133,"Weaver, Luke",1049,64,False,-1,,-1,-29.856476880358226
596271,"Lawrence, Casey",276,6,False,-1,,-1,-14.995347116344615
596295,"Gomber, Austin",999,12,False,-1,,-1,-36.7678087529263
601713,"Pivetta, Nick",2851,31,True,4,2025-04-16,337,6.472175933203729
605130,"Barlow, Scott",1272,75,False,-1,,-1,-14.082197806674774
605135,"Bassitt, Chris",2829,32,False,-1,,-1,-44.349872738418696
605154,"Brebbia, John",459,22,False,-1,,-1,-11.305342144293588
605177,"Chafin, Andrew",614,42,True,42,2025-09-10,614,4.811121209251883
605280,"Holmes, Clay",2764,33,True,3,2025-04-08,261,-32.85987354657908
605288,"Houser, Adrian",1892,21,False,-1,,-1,-31.354277223598885
605347,"López, Jorge",386,26,True,16,2025-05-06,244,14.123444321331169
605400,"Nola, Aaron",1568,17,False,-1,,-1,-28.135824607282203
605447,"Romano, Jordan",701,49,False,-1,,-1,-0.5596382409691012
605452,"Ross, Joe",862,37,False,-1,,-1,-16.397473868034744
605463,"Scott, Tayler",536,24,False,-1,,-1,-8.412780049146154
605483,"Snell, Blake",1028,11,False,-1,,-1,-0.562011134996709
605488,"Springs, Jeffrey",2847,32,True,3,2025-04-08,268,-40.081743467269376
605540,"Woodruff, Brandon",964,12,False,-1,,-1,-32.3907502855338
606160,"Montero, Rafael",1088,59,False,-1,,-1,-25.204771379449685
606303,"Payamps, Joel",449,30,False,-1,,-1,-7.543697359175062
606965,"Devenski, Chris",262,13,False,-1,,-1,-10.773194402755584
606996,"Hart, Kyle",691,20,False,-1,,-1,-9.914222607435349
607067,"Rea, Colin",2533,32,False,-1,,-1,-23.681333442711022
607074,"Rodón, Carlos",3212,33,True,27,2025-08-24,2631,11.484051150255652
607192,"Glasnow, Tyler",1480,18,False,-1,,-1,-26.0225341160138
607200,"Fedde, Erick",2369,32,False,-1,,-1,-17.80452705437498
607259,"Martinez, Nick",2577,40,False,-1,,-1,-24.38462016977062
607455,"Banda, Anthony",1065,71,False,-1,,-1,-22.138230800686735
607481,"Bummer, Aaron",932,42,True,5,2025-04-10,91,20.97998861909881
607536,"Freeland, Kyle",2482,31,False,-1,,-1,-30.030287391002204
607625,"Lugo, Seth",2380,26,False,-1,,-1,-57.66181885764969
608032,"Estévez, Carlos",1043,67,False,-1,,-1,-21.48649674702324
608331,"Fried, Max",3109,32,False,-1,,-1,-45.48049311457112
608334,"Fulmer, Carson",460,13,True,11,2025-08-15,398,3.7884211269322856
608337,"Giolito, Lucas",2367,26,False,-1,,-1,-27.52568385241755
608371,"Sims, Lucas",279,18,True,12,2025-04-19,180,6.296069456565668
608372,"Sugano, Tomoyuki",2565,30,False,-1,,-1,-11.64090600967694
608379,"Wacha, Michael",2665,31,False,-1,,-1,-41.8820433817682
608566,"Márquez, Germán",2085,26,True,5,2025-04-24,359,2.415902061932151
608650,"Enns, Dietrich",741,24,False,-1,,-1,-14.076131735406888
608665,"Graveman, Kendall",324,19,True,18,2025-08-08,290,1.5906871331009
608717,"Stratton, Chris",411,15,False,-1,,-1,-7.0729159153282275
608718,"Suter, Brent",1116,48,False,-1,,-1,-5.026000681876999
614179,"Ruiz, José",302,18,False,-1,,-1,-11.816953289617492
615698,"Quantrill, Cal",2004,26,False,-1,,-1,-8.514672202222172
620454,"Castillo, José",543,29,True,13,2025-06-10,247,-8.257229237909808
621051,"Wilson, Steven",974,59,False,-1,,-1,-20.212064599935793
621053,"Ferguson, Tyler",990,56,False,-1,,-1,-14.49220433410252
621107,"Eflin, Zach",1127,14,False,-1,,-1,-18.228949220839766
621111,"Buehler, Walker",2189,26,True,2,2025-04-04,163,-23.702433904202962
621112,"Blackburn, Paul",666,15,False,-1,,-1,-5.17241764136033
621121,"McCullers Jr., Lance",1147,16,True,2,2025-05-10,123,13.115534952514798
621139,"Kriske, Brooks",381,16,False,-1,,-1,-9.89598705887758
621199,"Bowman, Matt",447,20,False,-1,,-1,-23.14745773762815
621237,"Alvarado, José",457,28,False,-1,,-1,-11.87234451078804
621242,"Díaz, Edwin",1067,62,True,17,2025-05-13,289,16.539580007308054
621244,"Berríos, José",2583,31,False,-1,,-1,-27.748520206425333
621366,"Borucki, Ryan",594,39,True,32,2025-08-07,469,-4.966926628425652
621381,"Strahm, Matt",993,66,False,-1,,-1,-8.765593654431129
621383,"Banks, Tanner",1084,69,False,-1,,-1,-18.702258118009482
622491,"Castillo, Luis",2988,32,True,2,2025-04-02,175,-1.2957041299861203
622503,"Crismatt, Nabil",534,8,False,-1,,-1,-6.985568254197963
622554,"Domínguez, Seranthony",1101,67,True,15,2025-05-15,234,26.21257214436651
622608,"Senzatela, Antonio",2284,30,False,-1,,-1,-37.45228028005188
622663,"Severino, Luis",2731,29,True,3,2025-04-07,302,18.57347247530113
622786,"Tinoco, Jesus",304,20,False,-1,,-1,-15.98124039312364
623149,"Sewald, Paul",317,22,False,-1,,-1,-9.001594199123158
623167,"Flexen, Chris",673,21,False,-1,,-1,-20.348588904316454
623211,"Brazobán, Huascar",1011,52,False,-1,,-1,-17.164592724828445
623352,"Hader, Josh",847,48,False,-1,,-1,-16.8210368822844
623437,"Topa, Justin",979,54,True,3,2025-03-31,44,-9.876140999413149
623474,"Herget, Jimmy",1281,59,False,-1,,-1,-10.757483062426624
624133,"Suarez, Ranger",2430,26,False,-1,,-1,-0.5653110329894702
628452,"Iglesias, Raisel",964,70,False,-1,,-1,-9.805106991364422
640448,"Finnegan, Kyle",846,56,True,10,2025-04-23,181,-20.71457875924419
640455,"Manaea, Sean",1095,15,True,3,2025-07-23,216,-19.4904260511297
641154,"López, Pablo",1258,14,False,-1,,-1,-17.619446373066594
641302,"Alexander, Tyler",1585,52,False,-1,,-1,-6.32848133757094
641329,"Baker, Bryan",1102,73,False,-1,,-1,-18.945582959571485
641401,"Brogdon, Connor",840,43,True,3,2025-05-11,68,19.710076799456118
641482,"Cortes, Nestor",599,8,False,-1,,-1,-14.162981084273909
641540,"Dunning, Dane",372,12,True,3,2025-07-02,140,-4.726214074366149
641656,"Hamilton, Ian",641,36,False,-1,,-1,-9.70600442560795
641672,"Hatch, Thomas",586,12,False,-1,,-1,-23.441300086776515
641745,"Keller, Brad",1113,68,True,52,2025-08-19,900,8.824525193073665
641755,"Kinley, Tyler",1225,73,False,-1,,-1,-27.974865180602485
641778,"Lauer, Eric",1682,28,False,-1,,-1,-29.98967234997432
641793,"Littell, Zack",2788,32,False,-1,,-1,-4.206519982619994
641816,"Mahle, Tyler",1381,16,False,-1,,-1,-12.126047711812795
641835,"Mayza, Tim",301,15,False,-1,,-1,-16.00534247754769
641927,"Ober, Bailey",2356,27,False,-1,,-1,-36.26295093420189
641941,"Pagán, Emilio",1068,70,False,-1,,-1,-16.85482298069086
642016,"Robert, Daniel",255,15,False,-1,,-1,-9.426899425778778
642100,"Speier, Gabe",921,76,False,-1,,-1,0.06442976769439923
642121,"Sulser, Cole",387,18,False,-1,,-1,-7.26425480897823
642152,"Trivino III, Lou",841,47,False,-1,,-1,-31.62741893975742
642207,"Williams, Devin",1115,67,True,26,2025-06-03,438,-0.4924618368603846
642232,"Yarbrough, Ryan",1017,19,True,7,2025-04-21,218,6.14434595931947
642239,"Zastryzny, Rob",347,26,False,-1,,-1,-3.430204589012659
642397,"Soto, Gregory",1031,70,False,-1,,-1,-36.291188213915504
642528,"Loáisiga, Jonathan",467,30,False,-1,,-1,-17.6511277102991
642547,"Peralta, Freddy",3086,33,False,-1,,-1,-38.17082652400792
642585,"Bautista, Félix",626,35,False,-1,,-1,-12.977652221156218
642701,"Santana, Dennis",1002,70,True,9,2025-04-17,134,-11.64421943918487
643338,"Green, Chad",709,45,False,-1,,-1,-8.99625875707948
643377,"Jax, Griffin",1093,73,False,-1,,-1,-22.88680030662202
643410,"Leiter Jr., Mark",832,59,False,-1,,-1,-22.687831754500806
643511,"Rogers, Tyler",978,81,False,-1,,-1,-12.672335383907182
645261,"Alcantara, Sandy",2891,31,True,2,2025-04-01,161,-25.555074281285783
647336,"Soroka, Michael",1527,22,False,-1,,-1,-11.896247250572042
650556,"Abreu, Bryan",1189,70,False,-1,,-1,-23.27379600620675
650633,"King, Michael",1219,15,False,-1,,-1,-18.891855784725493
650644,"Civale, Aaron",1747,23,False,-1,,-1,-8.463560892739714
650893,"Cabrera, Génesis",715,40,False,-1,,-1,-14.375027002356283
650911,"Sánchez, Cristopher",2896,32,False,-1,,-1,-17.645138867375678
655889,"Rodríguez, Manuel",431,31,False,-1,,-1,-2.2966576705014816
656186,"Altavilla, Dan",456,28,False,-1,,-1,-5.088248626864865
656222,"Beeks, Jalen",916,61,False,-1,,-1,-3.2697015026977168
656234,"Bird, Jake",957,48,False,-1,,-1,-15.022554004756508
656240,"Blewett, Scott",711,26,False,-1,,-1,-9.345945797522718
656271,"Burke, Brock",1014,69,True,31,2025-06-13,483,22.07498149732178
656288,"Canning, Griffin",1343,16,False,-1,,-1,-16.186676469255985
656302,"Cease, Dylan",3044,32,True,8,2025-05-07,722,5.148583999120291
656427,"Flaherty, Jack",2831,31,False,-1,,-1,-7.368325989855492
656457,"Gilbert, Tyler",839,46,False,-1,,-1,-9.205049313264738
656464,"Ginkel, Kevin",491,29,False,-1,,-1,-3.856304673168916
656546,"Hoffman, Jeff",1127,71,True,16,2025-05-07,254,17.03493789327307
656550,"Holmes, Grant",1964,22,False,-1,,-1,-1.2344451688407503
656557,"Houck, Tanner",749,9,False,-1,,-1,-17.575141706453977
656605,"Keller, Mitch",2870,32,False,-1,,-1,-25.785108104497937
656641,"Latz, Jacob",1388,33,False,-1,,-1,-3.930141280317417
656686,"Martin, Corbin",332,17,False,-1,,-1,-7.667319410750289
656730,"Megill, Trevor",753,50,False,-1,,-1,0.3323329435350031
656731,"Megill, Tylor",1234,14,True,5,2025-04-21,436,-22.02321692354208
656794,"Newcomb, Sean",1546,48,False,-1,,-1,-14.03154306098563
656848,"Petersen, Michael",327,15,False,-1,,-1,-5.1165725745874
656849,"Peterson, David",2699,30,False,-1,,-1,-19.2425053437859
656876,"Rasmussen, Drew",2316,31,True,2,2025-04-06,149,-5.596837127966701
656945,"Scott, Tanner",911,61,False,-1,,-1,-8.747221844986615
656986,"Sousa, Bennett",728,44,False,-1,,-1,-16.86753826427231
657006,"Steele, Justin",313,4,False,-1,,-1,-20.383147104361953
657044,"Thompson, Ryan",650,48,False,-1,,-1,-23.0038602565017
657097,"Webb, Jacob",978,55,True,29,2025-06-15,515,6.212313638848146
657240,"Merryweather, Julian",353,21,False,-1,,-1,-8.158959855639093
657277,"Webb, Logan",3282,34,False,-1,,-1,-2.8178382723074833
657376,"Schmidt, Clarke",1226,14,True,13,2025-06-28,1171,1.2710377915325353
657424,"Gage, Matt",531,33,False,-1,,-1,-37.57565195646299
657514,"Bernardino, Brennan",833,55,False,-1,,-1,-28.848553291194754
657571,"Ferguson, Caleb",1042,70,True,60,2025-09-02,897,3.6945421131994145
657585,"Garrett, Reed",979,58,False,-1,,-1,-12.820055769546165
657612,"Hill, Tim",899,70,False,-1,,-1,-47.03138994002667
657649,"Koenig, Jared",1043,72,False,-1,,-1,-64.25449549478739
657746,"Ryan, Joe",2794,31,False,-1,,-1,-73.86432480518842
660271,"Ohtani, Shohei",753,14,False,-1,,-1,-29.204127724533883
660730,"Rodríguez, Elvin",335,7,False,-1,,-1,-12.620896662948049
660761,"Suarez, José",295,7,False,-1,,-1,-10.4711475675898
660787,"De los Santos, Yerry",590,25,True,5,2025-05-16,113,-14.985022017039139
660825,"Bazardo, Eduard",1224,73,False,-1,,-1,-14.832249664960074
660853,"De Los Santos, Enyel",1105,65,True,3,2025-04-02,49,40.63984727383659
660896,"Alcala, Jorge",1058,56,False,-1,,-1,-26.829773997210637
661395,"Duran, Jhoan",1073,72,False,-1,,-1,-13.64806326234009
661403,"Clase, Emmanuel",746,48,False,-1,,-1,-10.116141806034346
661563,"Gil, Luis",970,11,False,-1,,-1,2.6076252443532724
662253,"Muñoz, Andrés",1035,64,False,-1,,-1,-20.215771632239306
663158,"Suarez, Robert",1076,70,False,-1,,-1,-25.474806462704514
663372,"Feltner, Ryan",522,6,False,-1,,-1,-10.16242690076399
663399,"Waddell, Brandon",512,11,False,-1,,-1,-28.453533574066476
663423,"Thornton, Trent",656,33,False,-1,,-1,-47.45732617865531
663436,"Martin, Davis",2307,26,False,-1,,-1,-19.283421971176395
663455,"Pilkington, Konnor",500,32,False,-1,,-1,-11.922433902959469
663460,"Bubic, Kris",1795,20,False,-1,,-1,-8.518914400427619
663465,"Allard, Kolby",1000,33,True,12,2025-06-13,406,-15.758104677190484
663485,"Sands, Cole",1143,69,False,-1,,-1,-17.49755878413228
663542,"Hudson, Bryan",318,16,False,-1,,-1,-20.52027160191579
663546,"Hjelle, Sean",254,12,False,-1,,-1,-8.971379643120743
663554,"Mize, Casey",2353,28,False,-1,,-1,-25.85228876280995
663559,"Falter, Bailey",1951,26,False,-1,,-1,-77.49220269698876
663568,"Kolek, Stephen",1689,19,False,-1,,-1,-34.96249228950683
663574,"Santillan, Tony",1230,80,False,-1,,-1,-25.19322866018796
663623,"Irvin, Jake",2944,33,True,4,2025-04-15,359,4.160980175537929
663671,"Enright, Nic",532,27,False,-1,,-1,-14.459223388460764
663687,"Harris, Hogan",1125,48,False,-1,,-1,-29.158690583032204
663738,"Lynch IV, Daniel",1088,57,False,-1,,-1,-10.389218426288902
663765,"Woodford, Jake",625,22,True,8,2025-08-05,270,2.3502296068186257
663767,"Shugart, Chase",692,35,False,-1,,-1,-19.81566844086308
663795,"Hagenman, Justin",383,9,False,-1,,-1,-15.777242942663944
663804,"Kowar, Jackson",281,15,False,-1,,-1,-11.107923869289738
663855,"Hicks, Jordan",1199,34,False,-1,,-1,-50.31086654829605
663878,"Pearson, Nate",280,11,False,-1,,-1,-11.842819240967653
663893,"Little, Brendon",1240,79,True,10,2025-04-15,126,-6.684237741735266
663903,"Singer, Brady",2850,32,False,-1,,-1,-55.80291245133093
663941,"Beck, Tristan",817,31,False,-1,,-1,-17.2566433050227
663947,"Holton, Tyler",1159,70,True,4,2025-04-07,70,143.22785651466378
663969,"Phillips, Tyler",1114,54,True,4,2025-04-13,92,45.36070266538067
663978,"Paddack, Chris",2565,33,False,-1,,-1,-70.72886221468751
664062,"Gonsolin, Tony",609,7,False,-1,,-1,-13.3181635563394
664076,"Cleavinger, Garrett",874,67,True,4,2025-04-10,69,-14.307867684050265
664126,"Fairbanks, Pete",987,61,False,-1,,-1,-46.92160370267649
664139,"Gibaut, Ian",387,25,False,-1,,-1,-37.161028436153664
664141,"Brubaker, JT",469,17,False,-1,,-1,-12.634958868824185
664192,"Lucchesi, Joey",632,38,False,-1,,-1,-0.309776133577242
664199,"Clarke, Taylor",865,51,False,-1,,-1,-26.235154114038647
664208,"Maton, Phil",1008,63,True,34,2025-07-01,555,9.564316553048172
664285,"Valdez, Framber",2891,31,True,25,2025-08-20,2344,1.5068129144387825
664294,"Moreta, Dauri",285,18,False,-1,,-1,-7.852543076241581
664299,"Javier, Cristian",617,8,False,-1,,-1,-10.680428991887496
664747,"Díaz, Alexis",361,18,False,-1,,-1,-3.2890190125706305
664854,"Helsley, Ryan",979,58,False,-1,,-1,-9.984886911220666
664875,"Lawrence, Justin",270,17,False,-1,,-1,-6.63436300868558
664991,"Wolfram, Grant",520,21,False,-1,,-1,-24.245470426002605
665152,"Kremer, Dean",2692,31,False,-1,,-1,-1.8641033858821423
665660,"Alvarado, Elvis",765,37,False,-1,,-1,-28.825336542416338
665795,"Cabrera, Edward",2252,26,True,4,2025-04-28,351,1.689111322007065
665871,"Assad, Javier",567,8,True,3,2025-08-22,207,4.659962110353582
666142,"Ragans, Cole",1079,13,False,-1,,-1,-20.015771444732394
666157,"Lodolo, Nick",2478,29,False,-1,,-1,0.9630187102602932
666171,"Zeferjahn, Ryan",1029,62,True,39,2025-07-09,623,8.93669666986642
666200,"Luzardo, Jesús",3013,32,False,-1,,-1,-1.2236013956516985
666214,"Wentz, Joey",1815,39,False,-1,,-1,-44.16910896878334
666215,"Whitley, Forrest",256,10,False,-1,,-1,-19.00484374828884
666277,"Soriano, George",692,24,False,-1,,-1,-28.905993360176133
666374,"Brash, Matt",822,53,False,-1,,-1,-36.9441190737796
666661,"Morillo, Juan",617,42,False,-1,,-1,-16.53360806135707
666711,"Peguero, Joel",315,17,True,3,2025-08-27,79,3.27906597942308
666808,"Doval, Camilo",1103,69,True,37,2025-06-25,550,-30.207767242001275
666974,"Cano, Yennier",986,65,False,-1,,-1,-38.74348054101573
667297,"Nance, Tommy",461,30,False,-1,,-1,0.003484374400938961
667463,"King, John",782,51,False,-1,,-1,-30.177182946194133
667755,"Soriano, José",2784,31,False,-1,,-1,-59.33283703480779
668390,"Winn, Cole",619,33,False,-1,,-1,-23.240291214760163
668674,"Erceg, Lucas",963,61,False,-1,,-1,-14.514881786411753
668678,"Gallen, Zac",3134,33,True,26,2025-08-18,2441,12.089265175002438
668716,"Murdock, Noah",391,14,False,-1,,-1,-18.871065688977357
668820,"Kranick, Max",529,24,False,-1,,-1,-1.5396308911775165
668881,"Greene, Hunter",1748,19,False,-1,,-1,-9.349846017086037
668909,"Williams, Gavin",2925,31,False,-1,,-1,-0.7446976819613127
668933,"Ashcraft, Graham",1039,62,True,57,2025-09-20,981,3.3589391795917396
668941,"Romero, JoJo",990,65,False,-1,,-1,-6.192827581509012
668964,"Myers, Tobias",826,22,False,-1,,-1,-65.08392660742788
668984,"Legumina, Casey",861,48,False,-1,,-1,-4.1066006080367
669020,"Rolison, Ryan",676,31,True,3,2025-05-18,50,11.08910166375795
669022,"Gore, MacKenzie",2818,30,True,3,2025-04-07,288,44.054432057118106
669060,"Wilson, Bryse",854,20,False,-1,,-1,-17.409825199514078
669062,"Miller, Erik",482,36,False,-1,,-1,-1.5713342077259984
669084,"Hall, DL",588,20,False,-1,,-1,-31.04989111943427
669093,"Estrada, Jeremiah",1236,77,False,-1,,-1,-20.433954825303786
669160,"May, Dustin",2169,25,True,5,2025-04-28,421,-36.2158177189219
669194,"Nelson, Ryne",2466,33,False,-1,,-1,-21.94889598945626
669199,"Bachar, Lake",1143,53,False,-1,,-1,-20.45043243702927
669203,"Burnes, Corbin",1009,11,True,7,2025-05-10,647,6.169802721148933
669211,"Akin, Keegan",1058,64,False,-1,,-1,-15.375980627812282
669276,"Lee, Dylan",1102,74,False,-1,,-1,-12.57534857936492
669302,"Gilbert, Logan",2156,25,False,-1,,-1,0.9637787389457166
669308,"Reynolds, Sean",494,19,False,-1,,-1,-16.358131056617577
669330,"Wells, Tyler",342,4,False,-1,,-1,-6.845791788112379
669358,"Baz, Shane",2718,31,False,-1,,-1,-101.73742741206532
669371,"Henry, Cole",967,57,False,-1,,-1,-14.78548068883887
669372,"Ginn, J.T.",1575,23,False,-1,,-1,-2.6972856449732454
669373,"Skubal, Tarik",2849,31,False,-1,,-1,-27.670448450558055
669387,"Mlodzinski, Carmen",1647,34,False,-1,,-1,-59.842296020661195
669422,"Sauer, Matt",512,10,False,-1,,-1,-17.537253455973808
669432,"Rogers, Trevor",1627,18,False,-1,,-1,-32.71103799679214
669438,"Englert, Mason",724,29,False,-1,,-1,-0.8285260308458628
669456,"Bieber, Shane",645,7,False,-1,,-1,-6.498989007211065
669461,"Liberatore, Matthew",2386,29,True,27,2025-09-09,2224,4.069705721283881
669467,"Pallante, Andre",2720,31,False,-1,,-1,-10.104592144099158
669622,"Bender, Anthony",783,51,False,-1,,-1,-22.51393972058763
669674,"Long, Sam",786,39,False,-1,,-1,-46.1372763251959
669684,"Murphy, Chris",569,23,False,-1,,-1,-24.431150300511412
669704,"Strowd, Kade",406,25,False,-1,,-1,-12.257044372424211
669711,"Weissert, Greg",1069,72,False,-1,,-1,-44.9919448442125
669713,"Wesneski, Hayden",508,6,False,-1,,-1,-0.057777117032259184
669724,"Hanifee, Brenan",946,54,False,-1,,-1,-30.953792272498557
669854,"Blanco, Ronel",793,9,False,-1,,-1,-22.243557602288362
669920,"Alexander, Jason",1252,18,False,-1,,-1,-11.73613439714525
669923,"Kirby, George",2086,23,False,-1,,-1,-25.695988548019287
670036,"Festa, Matt",817,63,True,13,2025-06-01,169,-27.942450006405004
670059,"Holderman, Colin",492,24,False,-1,,-1,-12.372681304386655
670102,"Francis, Bowden",1141,14,False,-1,,-1,-40.864508728765784
670167,"Schreiber, John",1047,74,False,-1,,-1,-31.62762565264186
670280,"Bednar, David",1024,64,False,-1,,-1,-6.843988427794177
670329,"Garcia, Rico",586,29,True,17,2025-09-01,390,17.99249457856555
670912,"Oviedo, Johan",665,9,False,-1,,-1,-11.306078155314168
670955,"Uceta, Edwin",1214,70,False,-1,,-1,-20.759957987278668
670970,"Morejon, Adrian",994,75,False,-1,,-1,-44.7040543879353
670990,"Ramírez, Yohan",604,24,False,-1,,-1,-3.6503994666323596
671096,"Abbott, Andrew",2677,29,False,-1,,-1,-24.69542332210476
671106,"Allen, Logan",2709,30,False,-1,,-1,-6.7524833312179595
671109,"Eder, Jake",302,8,False,-1,,-1,2.622987662560078
671131,"Rutledge, Jackson",1339,63,True,4,2025-04-20,128,9.86469618267709
671212,"Boyle, Joe",934,13,False,-1,,-1,-12.026822602896718
671737,"Bradley, Taj",2272,27,False,-1,,-1,-20.53171811209704
671922,"Smith, Cade",1182,76,False,-1,,-1,-28.589577141898875
672282,"Detmers, Reid",1083,61,True,38,2025-07-09,721,7.769041623847955
672335,"Pérez, Cionel",437,19,False,-1,,-1,-12.739346597067915
672391,"Ort, Kaleb",788,49,False,-1,,-1,-24.67106137540747
672456,"Montero, Keider",1473,20,True,14,2025-07-19,1092,6.0895130041644165
672578,"Hernández, Carlos",759,41,False,-1,,-1,-15.729644255900375
672582,"Zerpa, Angel",1099,69,False,-1,,-1,-37.638585843652585
672782,"Gómez, Yoendrys",1099,21,True,4,2025-04-11,120,-47.100894509911306
672841,"Vargas, Carlos",1095,70,False,-1,,-1,-45.22480847610928
673513,"Matsui, Yuki",1063,61,False,-1,,-1,-18.86841978703908
673540,"Senga, Kodai",1900,22,False,-1,,-1,-10.105051333741955
673929,"Leasure, Jordan",1130,68,False,-1,,-1,-21.455518227539944
674285,"Salazar, Eduardo",545,30,True,19,2025-06-03,336,0.6604074905829251
674370,"Bido, Osvaldo",1378,26,False,-1,,-1,-32.2962550860782
674444,"Cruz, Steven",642,47,False,-1,,-1,-3.141199613244618
674841,"Alvarez, Andrew",417,5,False,-1,,-1,-0.578622793941463
675512,"Melton, Troy",656,16,False,-1,,-1,-24.107504686135766
675848,"Mejia, Juan",1074,55,False,-1,,-1,-4.70574721431183
675911,"Strider, Spencer",2110,23,True,11,2025-07-10,1008,26.456008684278046
676083,"Junk, Janson",1622,21,True,3,2025-06-04,173,-29.054860143954684
676092,"Snider, Collin",477,24,False,-1,,-1,-8.896720379735491
676106,"Hancock, Emerson",1423,22,False,-1,,-1,-29.925381488247595
676130,"Buttó, José",1095,55,False,-1,,-1,-16.332500500734046
676254,"Walker, Ryan",1018,68,False,-1,,-1,-18.555548049103173
676263,"Dreyer, Jack",1146,67,False,-1,,-1,-1.5197467650372225
676282,"Cantillo, Joey",1637,34,True,25,2025-07-22,853,14.854806441151725
676395,"Garcia, Robert",972,71,False,-1,,-1,-4.831148865232382
676428,"Hurter, Brant",1052,43,False,-1,,-1,-31.032422714479033
676440,"Bibee, Tanner",2969,31,False,-1,,-1,-13.179708451733688
676467,"Gordon, Colton",1451,20,True,7,2025-06-19,595,-29.6703906079593
676477,"Whitlock, Garrett",1180,62,False,-1,,-1,-18.75610150147491
676508,"Casparius, Ben",1262,46,False,-1,,-1,-34.33035626901838
676534,"Faucher, Calvin",1054,65,True,10,2025-04-25,185,8.288926746939206
676571,"Poulin, PJ",419,28,True,18,2025-09-09,293,-1.510089561192709
676617,"O'Brien, Riley",758,42,False,-1,,-1,-12.51527557881816
676661,"Lazar, Max",646,36,False,-1,,-1,-24.46935097578332
676664,"Sears, JP",2366,27,False,-1,,-1,-64.44904890820654
676684,"Vest, Will",1137,64,False,-1,,-1,-20.9612789532268
676702,"Stratton, Hunter",343,15,False,-1,,-1,-14.392067282162483
676755,"Mattson, Isaac",777,44,False,-1,,-1,-25.25643589430198
676879,"Ashby, Aaron",1033,43,False,-1,,-1,-37.34266870961666
676917,"Cavalli, Cade",788,10,False,-1,,-1,-19.89154156398864
676961,"Boushley, Caleb",742,25,True,19,2025-07-29,572,8.456329333062161
676962,"Brown, Ben",1759,25,False,-1,,-1,-17.64612106747997
676974,"Meyer, Max",1039,12,True,3,2025-04-09,267,4.56958300774221
676979,"Crochet, Garrett",3150,32,False,-1,,-1,-41.60516497824919
677161,"Kelly, Zack",581,28,False,-1,,-1,-21.247386650212647
677944,"Cecconi, Slade",2063,23,False,-1,,-1,-7.423522608524507
677952,"Ashcraft, Braxton",1102,26,False,-1,,-1,-30.878015464928033
677955,"Hill, Jaden",488,28,False,-1,,-1,-0.04226030166759642
677958,"Rocker, Kumar",1127,14,False,-1,,-1,-84.55418970554506
677960,"Weathers, Ryan",642,8,False,-1,,-1,-12.469726554874796
678020,"Halvorsen, Seth",636,42,True,3,2025-04-04,46,-5.140207365108907
678022,"Perkins, Jack",637,12,False,-1,,-1,-10.328863676488645
678024,"Vasil, Mike",1646,47,False,-1,,-1,-11.3331484690903
678226,"Hernández, Daysbel",717,39,True,10,2025-04-21,142,13.986013157650365
678368,"Bellozo, Valente",1322,32,False,-1,,-1,2.44656586419614
678394,"Bello, Brayan",2697,29,False,-1,,-1,-53.461278923433056
678495,"Rodríguez, Randy",808,50,False,-1,,-1,-2.4546805636993834
678606,"Ferrer, José A.",1208,72,False,-1,,-1,-29.10013552500412
678692,"Henriquez, Ronny",1158,69,False,-1,,-1,2.0103438693749105
678821,"Peralta, Luis",436,22,False,-1,,-1,-9.369980000757353
678906,"Teng, Kai-Wei",573,8,True,8,2025-09-20,573,3.46468300780019
679358,"Orze, Eric",681,33,False,-1,,-1,-1.7714687692180826
679775,"Backhus, Kyle",430,32,False,-1,,-1,-18.723420089549748
679885,"Martinez, Justin",269,17,True,11,2025-04-27,150,2.4742115031905456
680573,"Woods Richardson, Simeon",1878,23,False,-1,,-1,-62.789986556455275
680684,"Hoglund, Gunnar",547,6,False,-1,,-1,-33.5629636339431
680689,"Richardson, Lyon",674,34,True,23,2025-07-01,463,-0.072508502450642
680694,"Bradish, Kyle",494,6,False,-1,,-1,-8.43765000226469
680704,"Sandlin, Nick",289,19,False,-1,,-1,-6.632911683813102
680730,"Parker, Mitchell",2705,33,True,4,2025-04-16,360,15.691467338428206
680732,"Burke, Sean",2376,28,True,6,2025-04-25,478,21.96229185334151
680735,"Cox, Austin",427,13,True,2,2025-06-25,57,-3.715743518201579
680736,"Wrobleski, Justin",1092,24,False,-1,,-1,-38.16349129250726
680742,"Bowlan, Jonathan",727,34,True,6,2025-05-30,114,-20.48295714879616
680755,"Fisher, Braydon",833,52,True,8,2025-05-31,145,-7.9118032441183725
680767,"Vodnik, Victor",919,52,False,-1,,-1,-13.315291458622667
680880,"Holman, Grant",375,22,False,-1,,-1,-3.5943460059117647
680885,"Schwellenbach, Spencer",1573,17,True,8,2025-05-08,720,-1.294194866971992
681006,"Simpson, Josh",613,31,True,8,2025-07-13,179,-2.794124401866526
681168,"Curvelo, Luis",325,17,True,7,2025-08-18,146,6.011669549203232
681190,"Vásquez, Randy",2148,28,True,11,2025-05-26,896,-0.7907184843943291
681293,"Arrighetti, Spencer",618,7,False,-1,,-1,-20.828118572383318
681343,"Smith, Shane",2419,29,False,-1,,-1,-57.805381190763356
681347,"Burrows, Mike",1537,23,False,-1,,-1,-33.01457710037761
681517,"Leahy, Kyle",1350,62,False,-1,,-1,-5.90259056648874
681676,"Fernandez, Ryan",524,32,False,-1,,-1,-20.686536148163206
681857,"Olson, Reese",1159,13,False,-1,,-1,-10.377133738474228
681867,"Criswell, Cooper",276,7,False,-1,,-1,-9.147546565992652
681869,"Dubin, Shawn",551,30,True,4,2025-05-20,89,-23.404237051802948
681870,"Sabrowski, Erik",503,33,False,-1,,-1,-2.005615744804401
681892,"Funderburk, Kody",725,39,False,-1,,-1,-32.712791088757484
681895,"Sisk, Evan",329,19,False,-1,,-1,-17.305648994947003
681911,"Vesia, Alex",1023,68,False,-1,,-1,-9.302314843186888
681982,"Anderson, Grant",1158,66,True,17,2025-05-09,350,12.230162446361833
682052,"Lopez, Jacob",1666,21,False,-1,,-1,-39.6398380456768
682120,"Herrin, Tim",750,54,True,8,2025-04-17,101,21.526637433601653
682243,"Miller, Bryce",1542,18,False,-1,,-1,-47.734832070345334
682254,"Montgomery, Mason",859,57,False,-1,,-1,-2.9912001628878966
682274,"Hiraldo, Yaramil",314,18,False,-1,,-1,-11.143542023242379
682790,"González, Wikelman",368,16,False,-1,,-1,-14.881069946818897
682825,"Mey, Luis",414,23,False,-1,,-1,0.3579548056950177
682842,"Uribe, Abner",1164,75,True,8,2025-04-15,107,5.511428630054672
682847,"Ortiz, Luis",1501,16,False,-1,,-1,-7.780640306092181
682989,"Mederos, Victor",314,5,False,-1,,-1,-9.995223561850235
682990,"Priester, Quinn",2468,29,False,-1,,-1,-35.705404336912196
683004,"Leiter, Jack",2583,29,False,-1,,-1,-22.53948007653902
683175,"Phillips, Connor",377,21,True,12,2025-09-05,225,2.319654707971493
683232,"Mears, Nick",845,63,False,-1,,-1,-25.827052370233282
683409,"Chivilli, Angel",1022,43,False,-1,,-1,-7.297990171195768
683618,"Henriquez, Edgardo",279,22,False,-1,,-1,-25.677057580471228
683627,"Molina, Anthony",608,17,False,-1,,-1,-6.283187489505208
683769,"Gaddis, Hunter",1049,73,False,-1,,-1,-22.59814282761905
684007,"Imanaga, Shota",2176,25,False,-1,,-1,-23.140576577661193
684320,"Rodríguez, Yariel",1158,66,False,-1,,-1,-4.3978135459595435
685107,"Veneziano, Anthony",481,26,False,-1,,-1,-32.813974258027606
685126,"Eisert, Brandon",1216,72,True,7,2025-04-20,149,19.74713509404707
685299,"Gordon, Tanner",1244,15,False,-1,,-1,-3.7919099228297313
685314,"Saalfrank, Andrew",427,28,False,-1,,-1,-12.083242366652234
685326,"Brown, McCade",501,7,False,-1,,-1,-0.09049973604775374
686218,"Sheehan, Emmet",1146,15,True,2,2025-07-06,145,-11.008411448991968
686563,"Cannon, Jonathan",1793,22,True,14,2025-07-05,1240,12.474528794833434
686580,"Slaten, Justin",499,36,False,-1,,-1,-11.00205526205029
686613,"Brown, Hunter",2962,31,True,3,2025-04-09,285,53.99027826511262
686642,"Ellard, Fraser",329,18,False,-1,,-1,-5.552464530518088
686701,"Bergert, Ryan",1312,19,False,-1,,-1,-57.86462758299505
686752,"Pepiot, Ryan",2698,31,False,-1,,-1,-31.359094652581945
686799,"Kochanowicz, Jack",1858,23,False,-1,,-1,-43.06788278170092
686826,"Jarvis, Bryce",409,12,True,7,2025-06-10,182,-0.08688138066443685
686930,"Barnett, Mason",431,5,False,-1,,-1,-8.576371344752118
686973,"Varland, Louis",1066,74,False,-1,,-1,-22.054419817226933
686993,"Sterner, Justin",1092,59,False,-1,,-1,-5.422669515979225
687064,"Young, Brandon",939,12,False,-1,,-1,-18.852285777350545
687075,"Sproat, Brandon",290,4,False,-1,,-1,-20.56480750110441
687134,"Blalock, Bradley",1033,14,False,-1,,-1,-16.22644328833573
687223,"Palmquist, Carson",705,9,False,-1,,-1,-7.502982551832794
687330,"Kelly, Kevin",588,41,False,-1,,-1,-37.43398565917271
687362,"Gillispie, Connor",471,6,False,-1,,-1,-10.615236010534886
687377,"Ribalta, Orlando",501,22,True,4,2025-04-08,142,-7.269545762036778
687396,"Headrick, Brent",366,17,False,-1,,-1,-5.327808225806902
687473,"Gusto, Ryan",1760,27,False,-1,,-1,-33.03461474779347
687606,"Schultz, Paxton",448,13,False,-1,,-1,-14.51923482320376
687765,"Spence, Mitch",1353,32,False,-1,,-1,-54.349963624914736
687830,"Gipson-Long, Sawyer",463,8,False,-1,,-1,-17.073195736313377
687849,"Kent, Zak",308,12,False,-1,,-1,-1.696416601240803
687863,"Hodge, Porter",624,36,False,-1,,-1,-20.59424916506791
687888,"Walter, Brandon",814,9,False,-1,,-1,-21.642508136123936
687911,"King, Bryan",1046,68,False,-1,,-1,-37.33052131883191
687922,"Lucas, Easton",438,6,True,2,2025-04-08,156,-0.051963286986527635
687931,"Whisenhunt, Carson",408,5,False,-1,,-1,-3.7812858299156034
688138,"Evans, Logan",1338,16,False,-1,,-1,-9.678632407419997
688158,"Morgan, David",766,41,False,-1,,-1,-15.305736454998712
688297,"Roycroft, Chris",394,20,False,-1,,-1,-10.899384385860335
688497,"Rashi, Taylor",319,10,False,-1,,-1,-5.747538924876595
688642,"Agnos, Zach",527,30,True,28,2025-07-26,502,0.2644430604679169
689017,"Knack, Landon",773,10,False,-1,,-1,-16.579399810348043
689147,"Kerkering, Orion",1073,69,False,-1,,-1,-5.445936646797172
689225,"Brieske, Beau",405,22,False,-1,,-1,-14.694440108745434
689254,"Fluharty, Mason",859,55,False,-1,,-1,-0.19709985272315755
689266,"Dodd, Dylan",536,28,False,-1,,-1,-11.38383325319871
689690,"Jacob, Alek",586,29,False,-1,,-1,-5.170591895732177
690916,"Fitts, Richard",735,11,True,2,2025-04-07,173,-14.932008836346888
690925,"Beeter, Clayton",465,26,False,-1,,-1,0.10136644953295004
690928,"Dobbins, Hunter",931,13,False,-1,,-1,-27.45394457349508
690953,"Abel, Mick",720,10,True,4,2025-06-16,328,-17.3146891327749
690986,"Harrison, Kyle",587,11,False,-1,,-1,-35.942288169001
690990,"Horton, Cade",1788,23,True,13,2025-07-26,1093,23.981682530437084
690997,"McLean, Nolan",738,8,False,-1,,-1,-6.311706042089554
691251,"Lara, Andry",255,9,False,-1,,-1,-10.447373542795757
691587,"Pérez, Eury",1673,20,False,-1,,-1,-33.641750083705126
691799,"Taylor, Grant",610,36,False,-1,,-1,-14.89178252948702
691951,"Aldegheri, Sam",303,4,False,-1,,-1,-2.640961793807705
692285,"Guerrero, Luis",288,13,False,-1,,-1,-8.311669704807157
693312,"Nicolas, Kyle",652,31,False,-1,,-1,-7.765671924232136
693313,"Seymour, Carson",621,16,False,-1,,-1,-24.698350432561135
693433,"Woo, Bryan",2714,30,False,-1,,-1,-24.55979654952803
693645,"Schlittler, Cam",1253,14,False,-1,,-1,-32.75536832500106
693821,"Elder, Bryce",2514,28,True,17,2025-07-27,1497,5.276214457706814
693855,"Seymour, Ian",995,19,False,-1,,-1,-11.708755468180541
694037,"Palencia, Daniel",841,54,False,-1,,-1,-39.39060857873653
694297,"Pfaadt, Brandon",2918,33,False,-1,,-1,-53.40320817159243
694335,"Svanson, Matt",964,39,False,-1,,-1,-17.026989648942006
694350,"Brzykcy, Zach",459,26,False,-1,,-1,-13.023585101963628
694361,"Klein, Will",305,14,True,3,2025-07-02,92,-14.380377553670595
694363,"Shuster, Jared",280,12,False,-1,,-1,-2.474389410085789
694462,"Waldrep, Hurston",862,10,True,5,2025-08-26,410,4.9784194648287325
694477,"Patrick, Chad",2010,27,True,5,2025-04-19,359,-9.39505398069306
694738,"Roupp, Landen",1851,22,False,-1,,-1,-34.39758352157868
694819,"Misiorowski, Jacob",1164,15,True,2,2025-06-20,167,-11.311926266295089
694918,"Tidwell, Blade",309,4,False,-1,,-1,-8.388870449696668
694973,"Skenes, Paul",2997,32,True,2,2025-04-02,196,-33.08148150478415
695243,"Miller, Mason",972,60,False,-1,,-1,-10.904904967652076
695418,"Lord, Brad",2127,48,True,3,2025-04-02,42,-38.57346914187646
695445,"Lee, Chase",600,32,False,-1,,-1,-16.647889272104212
695505,"Burns, Chase",764,13,False,-1,,-1,-20.26662529568854
695549,"Jobe, Jackson",877,10,False,-1,,-1,-12.523834181612969
696147,"Bachman, Sam",334,23,False,-1,,-1,-6.6695401599592605
696149,"Chandler, Bubba",461,7,True,3,2025-09-02,158,-11.986603549268473
696270,"Johnson, Ryan",274,14,False,-1,,-1,-14.518907151784486
700241,"McGreevy, Michael",1465,17,True,8,2025-08-08,701,22.923864771154015
700249,"Povich, Cade",1971,22,False,-1,,-1,-13.492044164498907
700363,"Smith-Shawver, AJ",711,9,True,7,2025-05-15,591,3.8164430782113143
700669,"Graceffo, Gordon",756,26,False,-1,,-1,-28.77271882230532
701487,"Ohl, Pierson",539,14,False,-1,,-1,2.590341984294862
701519,"Adams, Travis",663,18,False,-1,,-1,-24.758598591358734
701542,"Warren, Will",2802,33,True,4,2025-04-17,316,23.673517306556903
701552,"Granillo, Andre",361,14,False,-1,,-1,-11.243403924135821
701581,"Festa, David",882,11,False,-1,,-1,-18.26764147855998
701656,"Henderson, Logan",410,5,False,-1,,-1,-10.720592480741644
702070,"Cameron, Noah",2164,24,True,9,2025-06-27,773,-14.515348650460169
702352,"Bivens, Spencer",1294,54,False,-1,,-1,-41.90121370554579
702674,"Dana, Caden",562,7,False,-1,,-1,-0.9875931447668336
800048,"Messick, Parker",625,7,False,-1,,-1,-4.067869467371551
800049,"Mazur, Adam",489,6,False,-1,,-1,-32.10038076952884
800311,"Fuentes, Didier",293,4,False,-1,,-1,-8.432226000451536
801139,"Tolle, Payton",304,7,False,-1,,-1,-10.921577099699249
801403,"Dollander, Chase",1778,21,True,2,2025-04-12,172,-67.57160350124735
804636,"Tong, Jonah",371,5,False,-1,,-1,-6.027512665105526
805123,"Blubaugh, AJ",507,11,False,-1,,-1,-6.702124897837045
805299,"Garcia, Brandyn",277,14,False,-1,,-1,-7.289930814994855
805673,"Matthews, Zebby",1353,16,False,-1,,-1,-37.60584352950555
806185,"Birdsong, Hayden",1194,21,False,-1,,-1,-32.14165966821703
806188,"Gibson, Cade",908,44,False,-1,,-1,-20.571158528154196
806960,"Morales, Luis",821,10,False,-1,,-1,-20.2834968649573
808963,"Sasaki, Roki",621,10,False,-1,,-1,-17.924519428940037
808967,"Yamamoto, Yoshinobu",2789,30,False,-1,,-1,-19.68626870594349
813349,"Early, Connelly",323,4,False,-1,,-1,-21.825336998988504
815083,"Farris, Mitch",405,5,False,-1,,-1,-1.70419136486791
820862,"Fermin, José",645,40,False,-1,,-1,-21.39046451222973
829272,"Ogasawara, Shinnosuke",674,23,True,12,2025-08-27,425,-1.836306036624948
