pitcher,count,hand,prev,typ,d,n1,n0,f1,f0,d_out,league,name
453286,1,1,0,0,-0.32500000000000007,60,40,0.35,0.675,-0.11350293542074363,0.08787102743039987,"Scherzer, Max"
518876,3,1,0,0,0.2152777777777778,48,99,0.4375,0.2222222222222222,0.13358671171171171,0.12826127409577823,"Kelly, Merrill"
519242,1,0,3,0,-0.4476272920437554,97,131,0.21649484536082475,0.6641221374045801,-0.2568428300912377,-0.04948026801486408,"Sale, Chris"
527048,1,0,2,2,-0.24999999999999997,30,60,0.1,0.35,-0.11937452326468345,-0.008999293710444204,"Pérez, Martín"
543135,1,1,2,2,-0.2501650165016502,30,101,0.06666666666666667,0.31683168316831684,-0.2022012578616352,-0.03809838795246674,"Eovaldi, Nathan"
543243,1,1,6,0,0.34128650505821717,31,169,0.5483870967741935,0.20710059171597633,0.07196315486470925,-0.005677026602875985,"Gray, Sonny"
547179,3,1,0,6,-0.3421237693389592,36,79,0.1388888888888889,0.4810126582278481,-0.0836707152496626,-0.03816562803704352,"Lorenzen, Michael"
547973,1,0,0,0,0.29813432835820897,67,40,0.373134328358209,0.075,0.35784313725490197,0.08458584059136261,"Chapman, Aroldis"
552640,1,0,1,1,-0.19743589743589746,30,39,0.36666666666666664,0.5641025641025641,-0.27777777777777785,0.05104940266508963,"Kittredge, Andrew"
554430,11,1,0,0,-0.28285714285714286,42,50,0.35714285714285715,0.64,-0.12057245080500895,0.0178819656182593,"Wheeler, Zack"
571510,8,0,6,0,0.4123931623931624,52,117,0.7115384615384616,0.29914529914529914,0.271604938271605,0.05944301152486253,"Boyd, Matthew"
571578,4,1,3,1,0.3916666666666666,30,40,0.6666666666666666,0.275,0.045112781954887216,0.006957988415831959,"Corbin, Patrick"
571927,5,0,1,5,0.44875,32,50,0.46875,0.02,-0.01428571428571429,0.011311327513417103,"Matz, Steven"
571945,8,1,5,0,0.32714776632302406,30,97,0.5333333333333333,0.20618556701030927,0.2586805555555556,0.04015765249739999,"Mikolas, Miles"
571948,5,1,4,1,0.43643263757115747,31,34,0.6129032258064516,0.17647058823529413,-0.15,0.025029759143857713,"Milner, Hoby"
573204,1,0,0,5,0.22708333333333336,32,30,0.59375,0.36666666666666664,0.011363636363636354,0.002454984199289987,"Thielbar, Caleb"
579328,3,0,3,3,0.37539808917197454,80,157,0.6875,0.31210191082802546,0.041958041958041925,0.0886263268237919,"Kikuchi, Yusei"
592332,2,1,0,0,0.44889663182346107,84,41,0.5952380952380952,0.14634146341463414,0.2535135135135135,0.018108079485350072,"Gausman, Kevin"
592662,3,0,6,6,0.4189320388349515,40,206,0.55,0.13106796116504854,0.22057057057057058,0.05479323335610549,"Ray, Robbie"
592773,5,0,0,7,-0.03684210526315787,30,38,0.2,0.23684210526315788,0.15830115830115826,0.004734342372125052,"Stanek, Ryne"
592791,5,1,0,5,0.3852813852813852,42,66,0.47619047619047616,0.09090909090909091,0.1186868686868687,0.029114921459443686,"Taillon, Jameson"
592866,1,1,0,0,0.3940961655508216,53,62,0.6037735849056604,0.20967741935483872,0.427807486631016,0.0864984205866199,"Williams, Trevor"
593958,3,1,1,1,0.2691056910569105,30,41,0.36666666666666664,0.0975609756097561,0.3816425120772947,0.10761782295140196,"Rodriguez, Eduardo"
593974,3,0,1,6,-0.29032258064516125,31,31,0.5161290322580645,0.8064516129032258,-0.22408026755852845,-0.011489078415310296,"Peralta, Wandy"
594798,3,0,3,3,0.30973671137605563,66,61,0.6212121212121212,0.3114754098360656,0.20538428137212333,0.08704878344910871,"deGrom, Jacob"
595345,1,0,0,0,0.2243107769423559,38,42,0.6052631578947368,0.38095238095238093,0.3945578231292517,0.08484901584218048,"Okert, Steven"
596001,1,0,4,0,0.06976744186046512,43,47,0.06976744186046512,0.0,0.09487179487179487,-0.02458070333576161,"Junis, Jakob"
601713,1,1,5,5,0.26746589499793305,82,118,0.4878048780487805,0.22033898305084745,0.2777777777777778,-0.0054893983406665075,"Pivetta, Nick"
605130,3,0,4,4,0.34171502256608643,33,47,0.5757575757575758,0.23404255319148937,0.22142857142857142,0.0925801542578651,"Barlow, Scott"
605135,3,1,1,1,0.28563049853372435,62,110,0.6129032258064516,0.32727272727272727,0.08679927667269438,0.10906715565084406,"Bassitt, Chris"
605280,3,1,1,1,0.2111801242236025,56,92,0.6785714285714286,0.4673913043478261,0.0431034482758621,0.10985173439498871,"Holmes, Clay"
605288,2,0,1,0,0.17873303167420818,39,34,0.38461538461538464,0.20588235294117646,0.16239316239316243,0.003721127864674651,"Houser, Adrian"
605400,4,1,0,0,0.1500754147812971,34,78,0.47058823529411764,0.32051282051282054,0.024580414959693375,0.016290865614067285,"Nola, Aaron"
605483,1,0,0,5,0.09537166900420757,62,46,0.22580645161290322,0.13043478260869565,0.09797297297297297,0.0021693108348829694,"Snell, Blake"
605488,1,1,3,0,-0.37099358974358976,32,39,0.21875,0.5897435897435898,-0.2619363395225464,-0.05499468976876783,"Springs, Jeffrey"
605540,1,0,1,0,0.23434535104364324,31,34,0.3225806451612903,0.08823529411764706,0.12418300653594772,-0.04536384729842445,"Woodruff, Brandon"
607067,3,1,0,0,0.2667493796526055,52,62,0.6538461538461539,0.3870967741935484,0.19720546205144485,0.1279487216729587,"Rea, Colin"
607074,6,0,0,0,0.2474892395982784,34,41,0.7352941176470589,0.4878048780487805,0.13729977116704806,0.06532464256649685,"Rodón, Carlos"
607192,8,0,0,5,0.23768115942028986,30,46,0.43333333333333335,0.1956521739130435,0.1843434343434343,0.0244406043646818,"Glasnow, Tyler"
607200,4,0,4,4,0.3070148800485879,37,89,0.6216216216216216,0.3146067415730337,-0.20653753026634386,0.03794553537046025,"Fedde, Erick"
607259,5,1,6,0,0.23007246376811594,40,69,0.375,0.14492753623188406,0.08430232558139536,0.07676262370749425,"Martinez, Nick"
607455,1,0,3,3,0.21590909090909088,32,44,0.625,0.4090909090909091,0.09696969696969698,0.07472751687514088,"Banda, Anthony"
607536,8,0,5,0,0.27409700722394215,57,85,0.40350877192982454,0.12941176470588237,0.101010101010101,0.05474851600792049,"Freeland, Kyle"
607625,8,1,5,2,0.34285714285714286,40,84,0.45,0.10714285714285714,0.13603868797308663,0.0071654077788801136,"Lugo, Seth"
608331,3,0,1,1,0.2653288740245262,39,207,0.41025641025641024,0.14492753623188406,0.29482242190842955,0.1036056628284284,"Fried, Max"
608337,5,1,0,6,-0.23931623931623935,45,78,0.2222222222222222,0.46153846153846156,0.15032679738562088,0.0024441943011159544,"Giolito, Lucas"
608372,3,0,4,4,0.2784471218206158,36,83,0.5555555555555556,0.27710843373493976,0.23103448275862068,0.09307687360958587,"Sugano, Tomoyuki"
608379,8,1,6,6,-0.38557213930348266,42,67,0.16666666666666666,0.5522388059701493,-0.15066889632107022,-0.08856066864380616,"Wacha, Michael"
608718,4,0,6,0,0.34285714285714286,30,35,0.6,0.2571428571428571,-0.0173697270471464,0.02508052564163409,"Suter, Brent"
615698,5,1,7,0,0.20036764705882354,34,64,0.29411764705882354,0.09375,0.1836734693877551,0.04636510599234658,"Quantrill, Cal"
621111,1,0,0,4,-0.26916757940854324,44,83,0.06818181818181818,0.3373493975903614,0.10230951867040794,-0.017462076328116857,"Buehler, Walker"
621381,2,0,0,3,0.22499999999999998,30,40,0.5,0.275,0.16666666666666666,-0.0017587557284331544,"Strahm, Matt"
621383,1,1,3,3,-0.27178030303030304,32,33,0.03125,0.30303030303030304,-0.18518518518518517,0.07576982486293955,"Banks, Tanner"
622491,3,0,3,3,0.39786683904330966,34,91,0.6176470588235294,0.21978021978021978,0.26586620926243565,0.08747390359392158,"Castillo, Luis"
622554,8,0,0,1,-0.11428571428571428,31,35,0.0,0.11428571428571428,0.008333333333333331,-0.01699696487086349,"Domínguez, Seranthony"
623352,5,0,3,3,0.14083080040526852,42,47,0.5238095238095238,0.3829787234042553,-0.2472527472527473,-0.02068527884935844,"Hader, Josh"
623437,1,0,1,1,0.25093867334167713,47,34,0.574468085106383,0.3235294117647059,0.48181818181818176,0.0492850209816574,"Topa, Justin"
623474,1,0,3,3,-0.2623604465709729,38,66,0.13157894736842105,0.3939393939393939,-0.3179142136248948,0.07759633964741142,"Herget, Jimmy"
624133,1,0,0,2,0.2639316239316239,39,225,0.5128205128205128,0.24888888888888888,-0.06259018759018758,0.013482159932853587,"Suarez, Ranger"
640455,1,0,0,0,0.22675585284280936,65,46,0.6615384615384615,0.43478260869565216,0.18283462033462033,0.08450074685407753,"Manaea, Sean"
641302,5,0,0,6,0.18410852713178297,36,43,0.4166666666666667,0.23255813953488372,0.10555555555555557,0.013863791998910085,"Alexander, Tyler"
641778,5,0,0,0,-0.32858214553638415,62,86,0.3225806451612903,0.6511627906976745,-0.12277951933124343,-0.07623893282115514,"Lauer, Eric"
641793,3,1,0,3,0.24207188160676535,44,86,0.5909090909090909,0.3488372093023256,0.2856654122476907,-0.024672963153154447,"Littell, Zack"
641816,8,0,0,0,-0.37639311043566365,47,42,0.3617021276595745,0.7380952380952381,-0.15412558380902958,-0.08821390497110268,"Mahle, Tyler"
641927,5,1,0,6,-0.30000000000000004,44,80,0.25,0.55,0.05694444444444441,0.0025749191091163086,"Ober, Bailey"
642100,1,0,0,0,0.1097560975609756,41,32,0.6097560975609756,0.5,0.3428571428571429,0.08495527255677238,"Speier, Gabe"
642207,1,0,0,6,0.056835637480798784,31,42,0.5806451612903226,0.5238095238095238,-0.3083333333333333,-0.028208408020986307,"Williams, Devin"
642232,1,0,2,2,-0.12323232323232325,45,55,0.2222222222222222,0.34545454545454546,0.1286332714904143,-0.011935933107630425,"Yarbrough, Ryan"
642397,1,0,1,1,0.42899262899262897,55,37,0.6181818181818182,0.1891891891891892,0.2192028985507246,0.04943186960624843,"Soto, Gregory"
642547,7,1,0,0,0.3888091822094692,41,34,0.6829268292682927,0.29411764705882354,0.0976119402985075,-0.020492909838035825,"Peralta, Freddy"
642701,1,0,3,1,0.17302052785923755,31,55,0.3548387096774194,0.18181818181818182,0.07568238213399503,-0.01978066944055704,"Santana, Dennis"
643377,1,0,4,6,-0.13704630788485608,47,34,0.1276595744680851,0.2647058823529412,0.05913043478260871,0.009890726979997494,"Jax, Griffin"
645261,3,0,3,3,0.5222222222222221,30,90,0.6333333333333333,0.1111111111111111,0.2802197802197802,0.08779347316701132,"Alcantara, Sandy"
647336,1,0,0,4,-0.38482384823848237,41,36,0.17073170731707318,0.5555555555555556,-0.15454545454545454,-0.016595153175169432,"Soroka, Michael"
650556,1,0,3,3,0.39885222381635577,34,41,0.7647058823529411,0.36585365853658536,-0.014245014245014287,0.07518774485009963,"Abreu, Bryan"
650633,4,1,6,6,-0.092656142759094,31,47,0.2903225806451613,0.3829787234042553,-0.04205607476635509,-0.02329004847091385,"King, Michael"
650644,4,1,2,2,-0.266050333846944,33,59,0.24242424242424243,0.5084745762711864,-0.19818181818181818,-0.04810971238203365,"Civale, Aaron"
650911,3,0,3,3,0.17727272727272728,40,176,0.325,0.14772727272727273,-0.05578465063001145,0.09019888143543087,"Sánchez, Cristopher"
656271,3,0,3,3,0.4380952380952381,30,35,0.4666666666666667,0.02857142857142857,0.4782229965156794,0.08429907889967363,"Burke, Brock"
656288,3,1,0,0,0.4444444444444445,36,36,0.5277777777777778,0.08333333333333333,0.36080586080586075,0.12777297910346477,"Canning, Griffin"
656302,11,0,3,3,0.3333333333333333,39,54,0.6666666666666666,0.3333333333333333,0.08204768583450212,-0.02362871262645794,"Cease, Dylan"
656427,7,1,0,0,-0.2815934065934066,39,56,0.3076923076923077,0.5892857142857143,-0.19857142857142857,-0.017449757831508258,"Flaherty, Jack"
656546,1,1,0,0,0.14404761904761904,48,35,0.4583333333333333,0.3142857142857143,0.3217391304347826,0.08637503088314653,"Hoffman, Jeff"
656550,1,0,3,3,0.5131380247659316,43,77,0.7209302325581395,0.2077922077922078,0.3562357538261153,0.07293700520005911,"Holmes, Grant"
656605,1,1,4,6,0.19623015873015873,35,144,0.3142857142857143,0.11805555555555555,-0.18421052631578946,0.026818650888559545,"Keller, Mitch"
656641,4,0,6,6,-0.31492618917441223,31,59,0.1935483870967742,0.5084745762711864,0.007590132827324514,-0.020958574006016098,"Latz, Jacob"
656794,5,0,0,4,0.3970588235294118,34,72,0.6470588235294118,0.25,0.05551020408163268,0.015302991216666813,"Newcomb, Sean"
656849,4,0,1,0,-0.24759782760061272,43,167,0.06976744186046512,0.31736526946107785,-0.025736820257368176,-0.032921164617824995,"Peterson, David"
656876,5,1,2,2,-0.3766330720418066,57,94,0.07017543859649122,0.44680851063829785,-0.2570806100217865,-0.058252876739357404,"Rasmussen, Drew"
656945,5,0,0,0,-0.21875,38,32,0.5,0.71875,0.12380952380952381,-0.07772456247826216,"Scott, Tanner"
657277,8,0,6,6,0.28400000000000003,36,125,0.5,0.216,0.12924528301886795,-0.11000932622517501,"Webb, Logan"
657571,1,0,4,0,0.1746031746031746,35,45,0.4857142857142857,0.3111111111111111,0.23295454545454541,-0.024373560066022835,"Ferguson, Caleb"
657746,3,0,0,0,0.3678678678678679,37,72,0.7567567567567568,0.3888888888888889,0.08627858627858631,0.13662251487533314,"Ryan, Joe"
660825,5,1,4,4,-0.30075901328273247,31,34,0.25806451612903225,0.5588235294117647,-0.20227272727272727,-0.02394376236980259,"Bazardo, Eduard"
660853,1,0,0,3,-0.41000000000000003,48,50,0.25,0.66,-0.27488464073829927,-0.01682661822920036,"De Los Santos, Enyel"
661395,1,1,7,0,-0.31666666666666665,36,45,0.19444444444444445,0.5111111111111111,-0.3055555555555556,-0.05290159635577126,"Duran, Jhoan"
662253,1,0,3,1,0.09649122807017543,38,36,0.2631578947368421,0.16666666666666666,0.0023310023310023353,-0.019431057919540213,"Muñoz, Andrés"
663436,5,1,6,0,0.29333333333333333,30,75,0.5333333333333333,0.24,0.10925306577480492,0.07665516295388226,"Martin, Davis"
663460,3,0,0,0,0.3784615384615384,65,75,0.5384615384615384,0.16,0.425287356321839,0.13512071834957895,"Bubic, Kris"
663554,1,1,0,3,0.21164021164021163,84,108,0.2857142857142857,0.07407407407407407,0.08230277185501067,-0.0099521584258001,"Mize, Casey"
663568,4,1,0,0,-0.16385135135135137,32,74,0.1875,0.35135135135135137,0.07169117647058826,0.01622636421641322,"Kolek, Stephen"
663574,1,0,0,0,0.39007092198581567,47,30,0.723404255319149,0.3333333333333333,0.32352941176470584,0.08494810760449722,"Santillan, Tony"
663687,5,0,0,5,0.27652173913043476,46,50,0.45652173913043476,0.18,-0.015652173913043466,0.02055290458412428,"Harris, Hogan"
663738,1,0,5,1,0.15000000000000002,30,60,0.2,0.05,-0.0632183908045977,0.013105346859137312,"Lynch IV, Daniel"
663893,3,0,1,1,0.2150537634408602,42,31,0.6666666666666666,0.45161290322580644,0.16239316239316243,0.10408237949977743,"Little, Brendon"
663903,8,1,3,1,0.2669045495093666,59,95,0.5932203389830508,0.3263157894736842,0.26479750778816197,0.020213159535875002,"Singer, Brady"
663947,5,1,4,6,-0.125,31,32,0.0,0.125,0.0,-0.0011914818830371767,"Holton, Tyler"
663969,1,1,5,5,-0.19841269841269837,36,42,0.2777777777777778,0.47619047619047616,-0.04132231404958678,-0.0038480878132229838,"Phillips, Tyler"
663978,8,1,6,0,0.24103942652329746,36,93,0.6388888888888888,0.3978494623655914,0.21111111111111108,0.06814930450036838,"Paddack, Chris"
664076,5,0,3,3,-0.28823529411764703,34,30,0.4117647058823529,0.7,-0.37976539589442815,-0.01956414581228372,"Cleavinger, Garrett"
664126,1,0,0,3,0.2,30,42,0.5333333333333333,0.3333333333333333,-0.2833333333333333,-0.017241788608829526,"Fairbanks, Pete"
664199,1,0,3,0,0.17885532591414943,34,37,0.20588235294117646,0.02702702702702703,0.037037037037037035,-0.053925860093924013,"Clarke, Taylor"
664285,7,0,6,5,0.3643867924528302,32,106,0.5625,0.19811320754716982,0.0731225296442688,-0.009055862164064806,"Valdez, Framber"
665152,3,1,5,5,0.42144026186579375,39,94,0.5384615384615384,0.11702127659574468,0.14695340501792115,0.03827651909529852,"Kremer, Dean"
665795,5,1,5,5,-0.2370304114490161,43,52,0.18604651162790697,0.4230769230769231,-0.15437392795883362,-0.052132639442154724,"Cabrera, Edward"
666142,8,0,0,0,-0.25319148936170216,30,47,0.3,0.5531914893617021,0.08823529411764708,-0.08891930080085823,"Ragans, Cole"
666157,2,0,5,5,0.3124098124098124,42,99,0.5952380952380952,0.2828282828282828,-0.24342105263157893,0.028815308237389967,"Lodolo, Nick"
666200,3,0,6,6,0.2716049382716049,38,162,0.5,0.22839506172839505,0.005649717514124297,0.05965550449625877,"Luzardo, Jesús"
666808,1,0,2,2,0.1764705882352941,40,34,0.5,0.3235294117647059,0.34346504559270513,-0.012699142186520337,"Doval, Camilo"
667755,7,1,1,1,-0.328278322925959,59,57,0.3559322033898305,0.6842105263157895,0.06681034482758619,-0.05399672033907744,"Soriano, José"
668674,1,0,1,1,0.2652027027027027,32,37,0.5625,0.2972972972972973,0.1451905626134301,0.05011335046565825,"Erceg, Lucas"
668678,11,0,0,0,0.2976694915254237,32,59,0.6875,0.3898305084745763,-0.01149425287356326,0.014935012146121269,"Gallen, Zac"
668909,11,1,0,0,0.2716450216450217,48,77,0.5833333333333334,0.3116883116883117,0.03674219228413966,0.016297021419868288,"Williams, Gavin"
668933,1,0,2,2,0.1858974358974359,39,44,0.4358974358974359,0.25,-0.004347826086956552,-0.010706702859373762,"Ashcraft, Graham"
668941,1,0,1,1,-0.2223684210526316,38,40,0.05263157894736842,0.275,-0.05909090909090914,0.05082709919191288,"Romero, JoJo"
669022,1,1,0,3,-0.30326737229636447,41,53,0.24390243902439024,0.5471698113207547,-0.11396843950905905,-0.009266592498531998,"Gore, MacKenzie"
669060,1,0,1,2,0.12399193548387097,32,31,0.15625,0.03225806451612903,0.22402597402597396,0.0071031546444203335,"Wilson, Bryse"
669093,1,1,0,0,0.28571428571428575,35,35,0.7428571428571429,0.45714285714285713,0.6025641025641026,0.0862784642034142,"Estrada, Jeremiah"
669160,5,1,4,4,-0.36832844574780055,55,62,0.3090909090909091,0.6774193548387096,-0.2231182795698925,-0.0228483011506598,"May, Dustin"
669194,5,0,3,3,0.26005434782608694,32,115,0.46875,0.20869565217391303,-0.13636363636363638,-0.020833967654749316,"Nelson, Ryne"
669199,1,0,4,3,0.2776603241719521,33,43,0.3939393939393939,0.11627906976744186,-0.3088235294117647,-0.02083532913573051,"Bachar, Lake"
669211,5,0,0,0,-0.09188660801564025,33,31,0.42424242424242425,0.5161290322580645,-0.30303030303030304,-0.07627626170583227,"Akin, Keegan"
669276,1,0,3,3,0.6590909090909091,56,33,0.75,0.09090909090909091,0.44354838709677424,0.07073237358777397,"Lee, Dylan"
669302,3,1,3,3,0.4675925925925926,32,54,0.875,0.4074074074074074,0.2784602784602785,0.10104002741002524,"Gilbert, Logan"
669358,4,1,0,0,-0.24406604747162025,51,76,0.09803921568627451,0.34210526315789475,-0.013113161728994627,0.01658207223927027,"Baz, Shane"
669372,8,0,3,1,0.27976190476190477,30,56,0.8333333333333334,0.5535714285714286,0.28260869565217395,0.039184903729316316,"Ginn, J.T."
669373,7,0,6,0,0.2769744160177976,31,58,0.4838709677419355,0.20689655172413793,0.17788461538461536,0.0114833120459049,"Skubal, Tarik"
669387,1,0,0,0,0.24013157894736842,32,76,0.4375,0.19736842105263158,0.24183006535947713,0.08513983067944464,"Mlodzinski, Carmen"
669432,2,0,0,0,0.2245370370370371,54,48,0.5370370370370371,0.3125,0.14577319587628867,0.009350364875570954,"Rogers, Trevor"
669461,3,0,6,6,-0.2706855791962175,36,141,0.05555555555555555,0.3262411347517731,0.001949317738791423,0.05923799949285016,"Liberatore, Matthew"
669467,8,0,3,1,0.2448101265822785,50,79,0.46,0.21518987341772153,0.25092004014720637,0.03686275326683914,"Pallante, Andre"
669711,1,0,1,3,0.1119496855345912,53,30,0.24528301886792453,0.13333333333333333,0.10555555555555556,-0.007638117421151994,"Weissert, Greg"
669920,1,1,1,1,-0.1111111111111111,45,42,0.2222222222222222,0.3333333333333333,-0.04166666666666667,0.052054204883692036,"Alexander, Jason"
669923,4,0,0,1,-0.2647058823529412,34,64,0.23529411764705882,0.5,-0.1207865168539326,-0.037756082150769275,"Kirby, George"
670280,1,1,5,7,0.07972972972972969,40,37,0.35,0.2702702702702703,-0.05538648813146685,0.01464015288428546,"Bednar, David"
670970,1,0,1,1,0.11149228130360206,53,33,0.5660377358490566,0.45454545454545453,-0.10549450549450545,0.05140322037133,"Morejon, Adrian"
671096,5,1,4,4,-0.3179650238473768,37,34,0.2702702702702703,0.5882352941176471,-0.05230496453900707,-0.025200827886849957,"Abbott, Andrew"
671737,5,1,5,0,0.24702723436900653,33,79,0.42424242424242425,0.17721518987341772,0.14910432033719706,0.04493725699373717,"Bradley, Taj"
672282,1,0,0,0,0.34,30,75,0.8333333333333334,0.49333333333333335,0.24696763802909055,0.08393374048497468,"Detmers, Reid"
672456,1,1,0,5,0.281183932346723,43,44,0.37209302325581395,0.09090909090909091,0.06992481203007518,0.0014236417081516393,"Montero, Keider"
672782,5,1,0,0,-0.27389705882352944,32,34,0.34375,0.6176470588235294,-0.059659090909090884,-0.06831800156087828,"Gómez, Yoendrys"
673513,4,0,7,7,-0.10606060606060608,33,36,0.3939393939393939,0.5,0.16666666666666663,0.07125769328993212,"Matsui, Yuki"
673540,3,0,0,0,0.23333333333333334,30,57,0.5666666666666667,0.3333333333333333,0.45322793148880103,0.13511440460872476,"Senga, Kodai"
673929,4,0,3,0,0.21250000000000002,40,32,0.525,0.3125,0.35,-0.02140391068404413,"Leasure, Jordan"
675848,1,0,0,0,0.21139705882352944,32,34,0.59375,0.38235294117647056,0.2721130221130221,0.08481537238038676,"Mejia, Juan"
675911,1,0,3,3,0.5303030303030303,44,75,0.8636363636363636,0.3333333333333333,0.24705882352941172,0.07431412268461271,"Strider, Spencer"
676083,1,1,0,3,-0.24253179532682642,49,69,0.16326530612244897,0.4057971014492754,-0.025499231950844845,-0.009408653717346458,"Junk, Janson"
676106,1,1,1,0,-0.1825602968460111,49,55,0.32653061224489793,0.509090909090909,-0.1401209677419355,-0.049980252066920895,"Hancock, Emerson"
676263,1,0,3,3,0.2939393939393939,30,66,0.7333333333333333,0.4393939393939394,0.3058035714285714,0.0742004624729711,"Dreyer, Jack"
676282,3,0,0,0,0.44736842105263164,38,76,0.6842105263157895,0.23684210526315788,0.27878787878787875,0.13484978702846784,"Cantillo, Joey"
676428,1,0,1,1,-0.21666666666666667,45,36,0.3111111111111111,0.5277777777777778,-0.16666666666666669,0.050587565337782574,"Hurter, Brant"
676440,8,1,6,6,-0.3132936507936508,45,112,0.17777777777777778,0.49107142857142855,-0.0267857142857143,-0.09067014746992255,"Bibee, Tanner"
676477,5,0,1,6,0.22244623655913978,31,48,0.45161290322580644,0.22916666666666666,-0.125,0.011792277082218264,"Whitlock, Garrett"
676664,3,0,4,4,0.35733333333333334,60,125,0.5333333333333333,0.176,0.25,0.09265065132972293,"Sears, JP"
676684,1,0,1,0,0.3197004608294931,31,56,0.5161290322580645,0.19642857142857142,-0.20714285714285713,-0.04480996774897795,"Vest, Will"
676879,3,0,1,1,-0.24229691876750703,42,34,0.40476190476190477,0.6470588235294118,-0.07456140350877194,0.10591377149996178,"Ashby, Aaron"
677944,4,0,0,0,0.4112403100775194,43,60,0.627906976744186,0.21666666666666667,0.13186813186813184,0.04062110101439683,"Cecconi, Slade"
677960,1,0,0,0,0.19220779220779222,33,35,0.36363636363636365,0.17142857142857143,0.2535014005602241,0.08468275451300158,"Weathers, Ryan"
678394,3,0,1,1,0.24496336996336993,56,39,0.7321428571428571,0.48717948717948717,0.05303030303030298,0.10458418867670592,"Bello, Brayan"
678606,4,0,6,6,-0.28787878787878785,30,55,0.16666666666666666,0.45454545454545453,-0.04642857142857143,-0.020559955292454274,"Ferrer, José A."
680573,4,0,0,0,-0.24699961285327138,41,63,0.2926829268292683,0.5396825396825397,-0.31043956043956045,0.041371807482826824,"Woods Richardson, Simeon"
680732,7,1,0,0,-0.4358130348913759,31,49,0.25806451612903225,0.6938775510204082,0.07516339869281047,-0.019300964082659005,"Burke, Sean"
680736,5,0,0,0,-0.23820430600091613,37,59,0.2702702702702703,0.5084745762711864,-0.25341365461847387,-0.0749893277513902,"Wrobleski, Justin"
681190,3,1,0,0,0.24204065976217873,33,79,0.3939393939393939,0.1518987341772152,0.196969696969697,0.12797222855708934,"Vásquez, Randy"
681347,1,1,0,5,0.27564102564102566,39,60,0.358974358974359,0.08333333333333333,-0.04289071680376029,0.0019643200748964812,"Burrows, Mike"
681517,3,1,0,0,-0.3607843137254902,34,30,0.20588235294117646,0.5666666666666667,-0.15355898456943753,0.12978688279464778,"Leahy, Kyle"
681911,8,0,0,0,-0.48872180451127817,38,35,0.3684210526315789,0.8571428571428571,-0.2872727272727273,-0.08790332156148979,"Vesia, Alex"
681982,3,0,1,1,0.2511627906976744,30,43,0.6,0.3488372093023256,0.2296037296037296,0.10366514137736464,"Anderson, Grant"
682052,8,0,0,0,-0.27769070010449326,44,87,0.1590909090909091,0.4367816091954023,-0.29376919701623516,-0.08709078300153358,"Lopez, Jacob"
682243,2,0,0,0,0.23672883787661408,34,41,0.5294117647058824,0.2926829268292683,-0.02941176470588236,0.011739679656004294,"Miller, Bryce"
682842,1,0,1,1,0.2787081339712919,44,38,0.5681818181818182,0.2894736842105263,0.2576754385964913,0.04923242237412868,"Uribe, Abner"
683004,5,1,0,0,-0.4592375366568915,55,62,0.21818181818181817,0.6774193548387096,-0.16666666666666669,-0.06787528174853331,"Leiter, Jack"
683769,1,0,0,3,-0.2547508988186954,33,59,0.5757575757575758,0.8305084745762712,0.12146226415094341,-0.01783792265931541,"Gaddis, Hunter"
684007,1,1,0,4,0.28421052631578947,40,38,0.6,0.3157894736842105,-0.13520408163265307,-0.01444614601421987,"Imanaga, Shota"
685126,4,1,3,3,-0.3363636363636363,33,30,0.36363636363636365,0.7,-0.26000000000000006,0.031820456170017476,"Eisert, Brandon"
685299,4,1,0,0,-0.20625,40,32,0.325,0.53125,0.09860012172854538,0.016037913921039978,"Gordon, Tanner"
686218,1,0,0,0,-0.35084672166739034,49,47,0.24489795918367346,0.5957446808510638,-0.1291666666666667,0.08617859562609656,"Sheehan, Emmet"
686613,1,0,1,1,0.39994351080355883,73,97,0.6164383561643836,0.21649484536082475,0.35794871794871796,0.04864577983334267,"Brown, Hunter"
686799,1,0,1,1,0.4940191387559809,44,38,0.7045454545454546,0.21052631578947367,0.11212121212121207,0.0501609857994639,"Kochanowicz, Jack"
686973,5,0,5,5,-0.2973790322580645,31,32,0.4838709677419355,0.78125,-0.19560439560439558,-0.07033340482440277,"Varland, Louis"
686993,1,0,0,0,0.5282392026578073,43,42,0.813953488372093,0.2857142857142857,0.36538461538461536,0.08500832930940178,"Sterner, Justin"
687064,1,1,0,7,-0.13815789473684212,38,32,0.23684210526315788,0.375,-0.15584415584415579,-0.01588512968222009,"Young, Brandon"
687473,1,0,0,0,0.24278074866310162,51,55,0.5882352941176471,0.34545454545454546,0.03481012658227847,0.08542644723990277,"Gusto, Ryan"
687911,1,0,0,0,0.2567567567567568,74,37,0.7702702702702703,0.5135135135135135,0.3947368421052632,0.08443154257286081,"King, Bryan"
688158,1,0,1,1,0.3692307692307692,30,39,0.6,0.23076923076923078,0.11368421052631578,0.05017780144430329,"Morgan, David"
689147,1,0,4,0,0.07303047728579645,37,47,0.24324324324324326,0.1702127659574468,0.08692365835222977,-0.024421901456423773,"Kerkering, Orion"
691587,3,1,0,0,0.5666666666666667,40,54,0.9,0.3333333333333333,0.07283834586466165,0.12852477821813468,"Pérez, Eury"
693433,5,0,0,0,0.29025974025974033,60,77,0.55,0.2597402597402597,0.03155149934810947,-0.07724935859870521,"Woo, Bryan"
693645,5,1,0,2,-0.11901504787961696,43,34,0.11627906976744186,0.23529411764705882,-0.14172942564195626,0.005008798591013021,"Schlittler, Cam"
693821,1,0,3,3,0.38724137931034486,50,116,0.62,0.23275862068965517,0.27146464646464646,0.07414648631987732,"Elder, Bryce"
694297,3,0,0,0,0.2731617647058824,32,85,0.34375,0.07058823529411765,0.09529411764705881,0.1365664551041596,"Pfaadt, Brandon"
694335,5,0,4,1,0.2843137254901961,34,30,0.6176470588235294,0.3333333333333333,0.025641025641025605,0.028962433465858032,"Svanson, Matt"
694477,8,0,2,2,-0.26372059871703496,46,61,0.2608695652173913,0.5245901639344263,-0.2170868347338936,-0.07433946013966825,"Patrick, Chad"
694738,4,0,1,5,0.29372080954852103,41,47,0.6341463414634146,0.3404255319148936,0.04459308807134893,0.0028143844159629135,"Roupp, Landen"
694819,4,1,0,0,0.09188660801564025,31,33,0.5161290322580645,0.42424242424242425,0.10508617065994114,0.015521874440616257,"Misiorowski, Jacob"
694973,8,1,6,0,0.35134099616858244,45,116,0.6444444444444445,0.29310344827586204,0.046620046620046596,0.06939681788638774,"Skenes, Paul"
695243,1,0,0,0,0.3805668016194332,39,38,0.5384615384615384,0.15789473684210525,0.23148148148148145,0.08505036154838883,"Miller, Mason"
700241,1,1,0,0,-0.36111111111111116,44,36,0.25,0.6111111111111112,-0.11396329365079366,0.0877227134967563,"McGreevy, Michael"
700249,8,0,5,5,-0.23988095238095242,35,96,0.11428571428571428,0.3541666666666667,-0.1,-0.12069144032192644,"Povich, Cade"
701542,4,0,4,4,0.24211272598369374,31,91,0.4838709677419355,0.24175824175824176,0.26981981981981984,0.03023388622624377,"Warren, Will"
702070,1,0,5,6,0.19480519480519484,44,154,0.4090909090909091,0.21428571428571427,0.017649017649017662,0.047915885642027034,"Cameron, Noah"
801403,8,0,0,0,-0.31196581196581197,36,39,0.2777777777777778,0.5897435897435898,-0.1217948717948718,-0.08852285319357964,"Dollander, Chase"
805673,5,0,3,3,-0.4,32,40,0.375,0.775,-0.21363636363636362,-0.019417602288457177,"Matthews, Zebby"
808967,4,1,0,0,-0.28051001821493626,61,72,0.16393442622950818,0.4444444444444444,0.023593848746576773,0.016296300922004982,"Yamamoto, Yoshinobu"
